address_line_1,city,email,password,telephone,first_name,last_name
2694 Park Drive,Acton,b.bryant@ymail.com,firstnotebook,713-344-8628,Brandon,Bryant
49 Lakeview Drive,New Hampton,mw@ymail.com,clutteredbelieve,443-623-0949,Michael,Brooks
50 Broad Street,Rosemead,evelynhill@rocketmail.com,defiantcherry,601-032-2917,Evelyn,Hill
96 6th Street West,Vancleve,ashley_m_hughes@gmail.com,lackingice,414-646-9175,Ashley,Hughes
64171 Woodland Drive,Midway,estewart@live.com,stormyhorn,401-548-0666,Emily,Stewart
273 Grant Street,Loretto,jackrodriguez@hotmail.com,enormoussoup,423-862-3911,Jack,Rodriguez
15731 Lincoln Avenue,Nelsonville,j_m@aol.com,mightyearth,770-623-5398,Jennifer,Brooks
4715 Harrison Street,Clinton,oliverjoseph@live.com,receptivefrog,425-986-8759,Oliver,Nelson
16 Mill Street,Pine Beach,hmhall37@ymail.com,voraciouscoat,539-038-1545,Haley,Hall
1429 Beech Street,Taylor Springs,thomasj@gmail.com,absenttaste,515-124-1246,Thomas,Hughes
8533 Hilltop Road,Gouldbusk,gswatson@gmail.com,stupendousnotebook,928-753-9502,Grace,Watson
822 Church Road,Lerona,odjohnson@gmail.com,quickocean,660-143-3588,Oliver,Johnson
458 Durham Road,Needles,jeremy_f_harris@gmail.com,subsequentcable,712-010-8346,Jeremy,Harris
94145 2nd Street East,Lincoln,brian.ray.long@live.com,vivaciousgate,318-163-7278,Brian,Long
71 Park Street,Medical Lake,kelseyreneeroberts2@live.com,nimblebear,234-719-0760,Kelsey,Roberts
40 6th Street,Delray Beach,j_rivera@aol.com,vivaciouspin,975-424-1835,Jose,Rivera
6 5th Street North,Pittsville,daniellehayes@live.com,hungryrange,229-571-1018,Danielle,Hayes
7547 Grove Street,Wells Bridge,aparker@hotmail.com,wistfulstar,641-323-6523,Amber,Parker
7617 College Avenue,Poughkeepsie,megan_anne52@aol.com,receptivehorn,417-386-6974,Megan,Sanders
965 Oak Street,Carrboro,erinbrooks@ymail.com,stupendouseye,408-974-5857,Erin,Brooks
346 Water Street,Pinehurst,courtney_clark@ymail.com,ultrastory,469-212-3870,Courtney,Clark
621 Valley Road,New York,isabella_adams@aol.com,efficientarm,407-772-1084,Isabella,Adams
3948 New Street,Parkland,danielle.sue.martinez@gmail.com,zippyboot,308-938-0302,Danielle,Martinez
413 Warren Street,Milford,davidmking@outlook.com,kindheartedslope,615-513-7100,David,King
33 1st Street,Acra,t_lewis@rocketmail.com,bouncyexchange,804-093-0566,Thomas,Lewis
281 Woodland Drive,Stella,w.turner@aol.com,frightenedbit,567-278-2305,William,Turner
373 4th Street West,Sacramento,z.wilson@outlook.com,feigneddrop,727-592-2903,Zachary,Wilson
29309 Circle Drive,Sumatra,e.jones1@aol.com,voraciousface,805-333-1754,Emily,Jones
987 7th Street,Thompsontown,a_rivera@gmail.com,zippytheory,612-931-6069,Aubrey,Rivera
4036 Maple Street,McIntosh,bhill@aol.com,breezycorn,682-653-6330,Brittany,Hill
774 Woodland Drive,Capulin,ajones@outlook.com,nimblenotebook,657-954-0431,Amelia,Jones
24 Front Street North,San Diego,s_g_allen@yahoo.com,entertainingjeans,228-564-8199,Sebastian,Allen
49 Highland Avenue,Miami,j.t.davis@gmail.com,nicehope,781-244-4430,Justin,Davis
39 Madison Avenue,Des Moines,n.r.kelly30@ymail.com,outgoingtrip,278-354-9636,Nicole,Kelly
84 6th Street West,Amber,johnray53@yahoo.com,faintduck,717-036-1740,John,Peterson
19 Riverside Drive,Hollywood,s_l_richardson@ymail.com,joyouscoat,925-852-5387,Sarah,Richardson
235 Division Street,Winchester Center,bclark@aol.com,goofybooks,272-550-1723,Brandon,Clark
5784 Chestnut Street,Miami,tmoore@aol.com,rusticstar,612-547-8885,Timothy,Moore
5375 13th Street,Hendricks,k_rogers@gmail.com,zestyairplane,865-940-8906,Kevin,Rogers
9256 Spruce Street,Northridge,ljdavis16@hotmail.com,uppitydesk,815-757-2262,Lauren,Davis
53356 Linden Street,Altoona,mr@hotmail.com,learnedghost,347-507-1340,Matthew,Cox
151 Fairview Avenue,Eagan,s.a.cooper75@rocketmail.com,stupendousposition,380-696-0772,Sean,Cooper
4651 7th Street,Indianapolis,l.green57@yahoo.com,kindlytray,415-904-6414,Layla,Green
93 Riverside Drive,Fairfax,r.a.jenkins@ymail.com,seemlysign,816-530-5327,Rebecca,Jenkins
46 Woodland Avenue,Lufkin,bmurphy84@outlook.com,rambunctiousfuel,906-442-7113,Brian,Murphy
25 School Street,Tipton,amsmith@outlook.com,hurriedticket,772-627-7128,Alexandra,Smith
3900 Ridge Avenue,Durham,alexandra_bennett@rocketmail.com,standingwren,913-761-2245,Alexandra,Bennett
932 Oak Lane,Myakka City,s.powell91@live.com,bashfulchicken,283-818-1777,Samuel,Powell
229 Church Street,Fort Lupton,s_green@gmail.com,jumbledvessel,975-639-4786,Steven,Green
8748 Main Street South,Arlington,nicholas.james.griffin@gmail.com,funnytaste,404-312-1043,Nicholas,Griffin
464 Pine Street,Gwinn,j_r34@live.com,dulltalk,430-130-7982,Jeremy,Flores
91158 Maple Avenue,Gile,jgbailey@hotmail.com,clutteredsnow,802-532-4912,Joshua,Bailey
480 Hilltop Road,Bellingham,alyssajames35@hotmail.com,learnedsoup,575-519-8417,Alyssa,James
69799 3rd Street,Titusville,b.e.martinez@aol.com,firstcoat,669-960-5410,Benjamin,Martinez
5892 Cedar Lane,Lee,michael_j@gmail.com,woozyfeeling,413-201-2580,Michael,Perez
77 Park Place,Fort Lauderdale,annaedwards@live.com,temporarysnow,508-354-7418,Anna,Edwards
796 Church Street,Bellingham,charles.e.murphy1@ymail.com,niceexistence,430-536-6103,Charles,Murphy
12 Laurel Street,Odessa,k_w_hayes@gmail.com,bigbulb,435-318-9750,Kyle,Hayes
70916 Park Street,Bally,kyle_mitchell@yahoo.com,firstvoice,702-211-2682,Kyle,Mitchell
12 Railroad Street,Mobile,sara_l_wright@hotmail.com,simplistictray,223-429-4803,Sara,Wright
66 Summit Avenue,Gilroy,b_j_cook@hotmail.com,iratefriend,615-827-1856,Benjamin,Cook
43208 13th Street,Wrenshall,john.roberts@aol.com,absentscience,313-787-2976,John,Roberts
247 5th Street North,North Branch,s_johnson@outlook.com,largethumb,802-387-7906,Sean,Johnson
47 Spring Street,Mechanicsburg,sofiarenee@ymail.com,typicalfeeling,541-055-9997,Sofia,Phillips
2141 Berkshire Drive,Leon,a_r_jackson@yahoo.com,woodenpurpose,520-499-0953,Amanda,Jackson
55826 Belmont Avenue,Hesston,o_jenkins@rocketmail.com,complexlamp,225-855-1073,Owen,Jenkins
45704 2nd Street West,Wayne,r_r_diaz99@rocketmail.com,crazybit,936-391-7288,Ryan,Diaz
8001 Fairway Drive,Long Green,michael_joseph_rogers@rocketmail.com,nimbleposition,385-046-1449,Michael,Rogers
9084 5th Street West,Tripp,mw@gmail.com,crazywren,717-952-0757,Mark,Scott
167 Oak Street,Dorothy,j.bennett@gmail.com,charmingkey,769-659-7341,Joshua,Bennett
36449 Spruce Street,Wheatland,alyssa.lou.bennett@ymail.com,industrioussign,334-943-3321,Alyssa,Bennett
803 Hillside Avenue,Porterfield,danielleelizabethhayes26@rocketmail.com,elasticthunder,213-211-4937,Danielle,Hayes
8329 Highland Avenue,Watseka,jason_brown@ymail.com,funnymitten,678-078-4568,Jason,Brown
548 Sunset Drive,Palmetto,c.edwards@ymail.com,usedtalk,504-851-9904,Charlotte,Edwards
75512 Dogwood Drive,Woodlawn,katherine.louise14@live.com,violetcamera,872-773-2273,Katherine,Collins
6801 5th Street North,Shelton,brianeugenehall@live.com,coherentrainstorm,203-708-1750,Brian,Hall
72470 Spring Street,Trenton,cdbennett@live.com,equableghost,681-477-4600,Christopher,Bennett
38861 Main Street West,Paxinos,m_w@outlook.com,ultratheory,808-856-9061,Mark,Campbell
581 Charles Street,Blue Grass,v.parker@rocketmail.com,maddeningrainstorm,215-462-4099,Victoria,Parker
7084 3rd Street,Albany,hharris@yahoo.com,magentabridge,423-356-9790,Henry,Harris
18961 Ridge Road,Mount Meigs,charlotte.sue.butler@outlook.com,marvelousspace,703-111-0746,Charlotte,Butler
36 Mill Street,Nashville,tiffany_may@yahoo.com,poisedscarf,802-812-9300,Tiffany,Nelson
93840 Franklin Avenue,Holualoa,charlest@rocketmail.com,jollytomatoes,225-410-5289,Charles,Thompson
28973 Highland Drive,Sacramento,isabella_reed@live.com,greenbrick,405-063-4528,Isabella,Reed
1696 3rd Street West,Gurnee,l.r.evans@outlook.com,woozyanimal,336-617-5709,Laura,Evans
5801 Broad Street,Barnesville,adam.james@gmail.com,scientificcook,754-219-6975,Adam,Wood
872 State Street,Savannah,jose@hotmail.com,befittingwhistle,278-658-8656,Jose,Thompson
77 Delaware Avenue,Colorado Springs,anna_martin@aol.com,industriousshelf,772-519-2310,Anna,Martin
4145 Delaware Avenue,Opelika,rachel@ymail.com,efficientsnow,401-600-4307,Rachel,Baker
822 Chestnut Street,Quincy,sdiaz@ymail.com,typicalbadge,913-925-7608,Stephen,Diaz
2661 Laurel Street,Corinth,anthonystewart@outlook.com,maddeningsnow,507-283-4060,Anthony,Stewart
5690 Clinton Street,Tyndall,r.a.coleman27@live.com,chivalroustaste,248-148-0117,Robert,Coleman
7529 Ridge Avenue,Lester,samuel.wayne.jones@aol.com,dampnoise,430-192-5183,Samuel,Jones
212 7th Avenue,Rockford,d.a.wood@outlook.com,dapperboot,719-374-3276,Daniel,Wood
78795 Elizabeth Street,Louisville,s.henderson@ymail.com,goofyexchange,661-613-2394,Stephen,Henderson
705 Maple Street,Houston,a_torres75@aol.com,bashfulriver,636-742-7938,Alexandra,Torres
89795 Washington Street,Durand,seanmoore@rocketmail.com,publicslope,269-965-8357,Sean,Moore
24 Court Street,Hallsville,c.griffin@outlook.com,kindheartedtrain,331-618-8557,Christopher,Griffin
34282 Magnolia Drive,Paterson,j.phillips@aol.com,receptivelamp,979-906-2273,Joshua,Phillips
58733 Academy Street,Stamps,cicooper@outlook.com,usedanimal,812-073-6408,Claire,Cooper
488 6th Street West,Catawba,mateomoore@outlook.com,simplisticshake,973-708-7216,Mateo,Moore
90 Cherry Street,Aurora,brandon.hughes@ymail.com,ultraimpulse,907-904-2580,Brandon,Hughes
959 Lincoln Street,Mount Ayr,mtreed@aol.com,elasticknowledge,475-724-5514,Matthew,Reed
23269 High Street,Jamaica,justinhill@hotmail.com,joyousfriend,631-864-1782,Justin,Hill
21878 Main Street South,Union,t.m@gmail.com,tenderpin,907-808-4508,Taylor,Henderson
402 Lake Street,Enola,john.nelson@aol.com,incandescenttendency,331-476-6336,John,Nelson
170 Grant Street,Riverside,samuel_martinez@outlook.com,learnedriddle,458-501-2589,Samuel,Martinez
44947 Heather Lane,Java Village,joshua_joseph_evans99@outlook.com,wrythunder,636-927-1463,Joshua,Evans
59498 Belmont Avenue,Countyline,d.s.edwards@aol.com,shytrain,316-002-9703,Dylan,Edwards
55508 Mill Road,Old Appleton,jason.nelson@live.com,breezyjewel,539-355-0514,Jason,Nelson
35909 Spruce Street,Glendora,charlotteg@yahoo.com,incandescentdrop,520-485-0076,Charlotte,Henderson
854 5th Street West,Shaw A F B,j_a_taylor95@aol.com,hurriedcook,609-510-1519,Joshua,Taylor
695 Warren Street,New Orleans,t.price@hotmail.com,outgoingdegree,907-813-6605,Thomas,Price
2481 East Street,Donnelly,ryan_gonzales@outlook.com,highfalutincorn,872-499-9319,Ryan,Gonzales
1714 Lincoln Street,Montalba,k_e_carter@live.com,squealingswim,743-202-6454,Kimberly,Carter
57339 Route 30,Chaplin,ahall@aol.com,openmetal,302-683-0602,Anna,Hall
74276 2nd Avenue,Litchfield,henryrcollins@aol.com,familiarspring,346-508-5766,Henry,Collins
175 Elm Avenue,Lexington,richardflores80@outlook.com,handsomelanguage,857-854-4316,Richard,Flores
22887 Meadow Lane,North Charleston,a_n_gonzales@live.com,fastshape,283-593-7954,Anna,Gonzales
745 Ridge Road,Greensboro,elross21@ymail.com,magentamouth,314-737-3646,Emma,Ross
685 Charles Street,Chocorua,a.s.rivera@aol.com,defiantflame,628-742-2721,Amanda,Rivera
97400 5th Street North,Kansas City,a_m_butler@ymail.com,dustyticket,424-126-2731,Alexis,Butler
42879 Charles Street,Missoula,isabellacarter88@aol.com,wanderingspring,559-274-4057,Isabella,Carter
2867 Jackson Street,Moriah Center,amelia.renee.ross@live.com,publickey,970-940-9269,Amelia,Ross
53 Shady Lane,Cordova,nathan@live.com,delicatecorn,660-593-3304,Nathan,Sanders
58 Cambridge Drive,Fishers Hill,lauren_martinez@ymail.com,frightenedthumb,351-894-8183,Lauren,Martinez
42581 Water Street,Harrisburg,a_r@aol.com,priceypurpose,432-259-0114,Abigail,Williams
47 Pennsylvania Avenue,El Paso,safoster@gmail.com,damagingspace,470-207-5931,Sara,Foster
161 13th Street,Fulton,charles_clark@live.com,voraciousshake,636-588-8477,Charles,Clark
6951 Cedar Lane,Indianapolis,oliver@ymail.com,flashyvacation,863-786-0338,Oliver,Green
114 Oak Street,Babb,evelyn_williams@gmail.com,productiveair,731-860-5828,Evelyn,Williams
1 Meadow Lane,Rock City Falls,jason_brooks@ymail.com,kindheartedaccount,716-288-9276,Jason,Brooks
39 Vine Street,Madison,victoria@live.com,seemlysupport,347-909-9640,Victoria,Ramirez
9398 Hillside Drive,Allakaket,t.j.mitchell@hotmail.com,kindlytaste,541-753-6977,Timothy,Mitchell
12165 Lafayette Avenue,Cayey,s_gonzales@gmail.com,jumbledrock,351-339-3287,Sean,Gonzales
6765 Wood Street,Raynham,brittany.i.sanders@outlook.com,realcreature,602-884-0661,Brittany,Sanders
208 Adams Street,Cheraw,km@gmail.com,spikywren,806-680-7181,Kimberly,Jackson
886 Main Street West,Widnoon,ethan_t_miller@hotmail.com,dynamicjeans,412-528-6788,Ethan,Miller
694 6th Street North,Seattle,jdiaz@gmail.com,unknownhorn,724-010-5059,Jeremy,Diaz
8840 1st Street,Lindrith,evelyn24@gmail.com,chiefeye,347-479-4375,Evelyn,Parker
5411 Green Street,Goldsmith,brogers@yahoo.com,talltray,360-376-6288,Brianna,Rogers
43949 4th Avenue,Cynthiana,j_sanchez@hotmail.com,funnystar,239-059-8099,Jason,Sanchez
31808 Circle Drive,La Grange,elizabeth.e.garcia@gmail.com,frighteningghost,743-608-2901,Elizabeth,Garcia
786 Woodland Avenue,Shelbyville,justin.martinez@yahoo.com,temporarycontrol,804-326-9508,Justin,Martinez
928 Route 1,Primrose,emorris@hotmail.com,jollyvacation,605-864-6439,Emma,Morris
468 Division Street,San Marcos,j_a@yahoo.com,harshtendency,760-723-6407,James,Long
698 Creek Road,Willard,t_f_torres@aol.com,nicebridge,570-513-8569,Timothy,Torres
96 Cambridge Court,Rawlins,william.hayes16@aol.com,certainexchange,662-843-0044,William,Hayes
5606 Main Street South,Nashville,mflores@live.com,learnedmachine,724-511-9724,Michael,Flores
56 Essex Court,Dill City,bgwilson94@hotmail.com,overtsnake,706-135-1560,Benjamin,Wilson
76 Buckingham Drive,Ellerslie,d_s@yahoo.com,fastcoat,781-354-1382,David,Watson
20 Winding Way,Kure Beach,jessica_russell@hotmail.com,chiefmitten,206-451-1322,Jessica,Russell
494 Oak Street,Indianapolis,kimberly.williams93@outlook.com,jumbledangle,935-332-4144,Kimberly,Williams
35 Hillcrest Drive,Hartsfield,k_r_ward@yahoo.com,calculatingghost,910-787-0798,Kimberly,Ward
305 Berkshire Drive,Temple,m_moore@hotmail.com,animatedmachine,520-740-9407,Melissa,Moore
64136 2nd Street East,Newcomb,d_j_lee31@rocketmail.com,somberwheel,714-045-8184,David,Lee
267 5th Street West,Erie,cbailey@hotmail.com,zippyposition,315-059-4423,Charlotte,Bailey
51 Hamilton Street,Shohola,ad@yahoo.com,dustyairplane,267-931-9988,Austin,Murphy
715 Sunset Drive,Poland,t.harris@live.com,wistfulswim,757-089-8913,Tiffany,Harris
53741 Route 6,Dayton,laura_s19@outlook.com,lackingharbor,580-236-8359,Laura,Lewis
8983 Main Street North,Saint Louis,abarnes@rocketmail.com,marvelousquilt,281-338-4695,Aiden,Barnes
60193 Pine Street,Gazelle,maria.parker@aol.com,woodenjewel,540-218-1195,Maria,Parker
63 Monroe Street,Los Angeles,sjones@gmail.com,cooperativegovernor,978-145-3862,Samantha,Jones
1581 Liberty Street,Dorset,s_perez@ymail.com,seemlyhorn,380-291-1119,Sebastian,Perez
3507 Creek Road,Lithonia,o_martinez@hotmail.com,learnedbear,206-595-1039,Oliver,Martinez
7795 Church Street,Buford,j_scott@rocketmail.com,bashfulbadge,325-186-8643,Jack,Scott
9390 6th Street,Hawaiian Gardens,s.brown@rocketmail.com,stormyocean,610-894-1748,Samuel,Brown
3855 Lafayette Avenue,Augusta,eaevans@yahoo.com,jazzysuit,862-764-7250,Eric,Evans
2751 Madison Street,Bynum,emily_lee@live.com,earthytheory,574-092-0959,Emily,Lee
70 Spruce Street,Betterton,k_rivera93@yahoo.com,ultracorn,316-718-7141,Kaitlyn,Rivera
68 10th Street,Advance,r_m_johnson@aol.com,violetrange,219-502-9831,Rebecca,Johnson
177 7th Street,Jackson,theodorejjohnson@gmail.com,scientificwind,209-244-8115,Theodore,Johnson
4135 River Street,Philadelphia,emwhite36@yahoo.com,kindheartedswim,312-984-9768,Emily,White
244 Oak Street,Palmyra,b.cox@aol.com,seemlystem,217-186-0807,Brianna,Cox
50 Park Place,Pollok,jgriffin@gmail.com,receptivevessel,210-549-4426,Jose,Griffin
295 Madison Street,Tipton,ameliamargaretdavis@aol.com,certainroof,725-137-1957,Amelia,Davis
8669 Hamilton Street,Grand Rapids,m_m_butler@hotmail.com,unknownhammer,207-560-5683,Maria,Butler
6314 7th Avenue,Pigeon Forge,a.l.perez@rocketmail.com,colossalcard,848-170-8124,Allison,Perez
229 3rd Street West,Greenfield,bajames@yahoo.com,enormousrock,614-335-6371,Benjamin,James
41178 6th Street North,Epsom,iwbarnes62@outlook.com,nicebucket,216-420-6311,Isaac,Barnes
23050 Hill Street,Zortman,a.d@outlook.com,hungrygovernor,708-076-6323,Aubrey,Rogers
613 5th Street West,Springfield,emily.renee.bell@hotmail.com,vivaciousdebt,743-015-8785,Emily,Bell
93 Park Avenue,Little Rock,g.powell@rocketmail.com,delicatewave,937-133-8036,Gabriel,Powell
3619 Park Drive,Bethelridge,kmorgan@live.com,clutteredsweater,929-329-9568,Kayla,Morgan
18628 Essex Court,Sandwich,jennifer.lee88@ymail.com,somberbucket,928-613-6047,Jennifer,Lee
59 Hillcrest Drive,Rockaway Park,nicole_rose_rivera@rocketmail.com,poisedair,872-250-2821,Nicole,Rivera
238 Lincoln Street,Fulks Run,sean_a_hill19@rocketmail.com,mellowwave,276-259-4631,Sean,Hill
995 7th Avenue,Enterprise,kevinlee@gmail.com,chemicalpocket,737-232-0823,Kevin,Lee
72267 10th Street,Mico,melissa@hotmail.com,frighteningpurpose,515-155-4475,Melissa,Torres
36 Park Drive,Grand Forks,alexander_thomas_stewart82@hotmail.com,naturalcherry,646-222-0707,Alexander,Stewart
40763 Market Street,Pine Ridge,stephanie_gonzales@live.com,upseteye,570-303-4707,Stephanie,Gonzales
2 Main Street North,Kamiah,adamesmith@outlook.com,lackingsupport,435-267-3916,Adam,Smith
563 Front Street,Belle Valley,jeremystewart@outlook.com,averagefuel,317-867-3528,Jeremy,Stewart
58250 Elizabeth Street,Colony,hedwards@hotmail.com,feigneddegree,760-598-6123,Heather,Edwards
27025 Meadow Lane,Houck,h.r.powell@hotmail.com,tritemailbox,574-949-3637,Hannah,Powell
19 Main Street West,Peoria,austin_kelly@hotmail.com,puzzlingvoice,234-811-4825,Austin,Kelly
69 4th Avenue,Chireno,lillian_young@ymail.com,knowledgeablenote,707-146-1256,Lillian,Young
8595 Myrtle Avenue,Anderson,l_martinez@ymail.com,roastednotebook,626-856-1214,Lauren,Martinez
8678 Walnut Street,Naples,heather.renee.flores@hotmail.com,gulliblemetal,312-313-5603,Heather,Flores
58 Academy Street,Rockbridge,christina@aol.com,youthfulspring,317-382-3983,Christina,Jackson
18 Elm Street,Milan,amanda.ross@gmail.com,hurriedcherry,631-437-8238,Amanda,Ross
32 Colonial Drive,Atlanta,jstewart@rocketmail.com,firstharbor,720-016-8325,Jonathan,Stewart
14592 Union Street,Ohio City,w_d_torres@rocketmail.com,bettertendency,929-322-9157,William,Torres
44501 Dogwood Drive,Nags Head,egray54@aol.com,flashyaccount,872-062-1977,Eric,Gray
740 Main Street East,Indian Head,cmphillips71@aol.com,richexistence,351-945-5064,Charlotte,Phillips
1714 Mill Road,Washington,e_e@live.com,earthycreature,309-378-7758,Ethan,Murphy
5306 Buckingham Drive,Wetumka,skelly@outlook.com,enormousliquid,409-105-7885,Sofia,Kelly
79 5th Street,Reno,k.l.alexander@outlook.com,bouncyplate,331-951-4533,Kyle,Alexander
98 Woodland Avenue,Quinebaug,a.i.collins@outlook.com,interestinghope,917-688-8426,Amanda,Collins
1822 5th Avenue,Rosebud,jennifer.r.adams@live.com,enchantingframe,518-426-8613,Jennifer,Adams
5470 Pleasant Street,Lakeshore,a_bryant@rocketmail.com,maddeningscience,302-247-3931,Alexandra,Bryant
297 3rd Street West,Rio Frio,natalie_m@aol.com,mellowbulb,305-706-7644,Natalie,Stewart
30 Summit Avenue,Chambersburg,haley_margaret_ward@aol.com,goofypocket,679-513-4096,Haley,Ward
18 New Street,Long Beach,j_d_hughes@ymail.com,mightykey,614-052-4308,Jose,Hughes
412 Mulberry Street,Allegany,a.d.rogers@aol.com,chivalrousharbor,916-744-9729,Aiden,Rogers
18330 Ridge Road,Jones,h_thompson94@hotmail.com,kindlyimpulse,682-879-7398,Haley,Thompson
69744 Creek Road,Alburnett,anthony_david_hughes66@outlook.com,frighteningcable,903-402-0160,Anthony,Hughes
75 James Street,Brinson,jessica_harris@rocketmail.com,festiveangle,504-360-7290,Jessica,Harris
584 Madison Avenue,Sitka,a.robinson17@outlook.com,calculatingtaste,406-100-3997,Alyssa,Robinson
134 Williams Street,Salem,ethan@ymail.com,somberarm,607-568-1724,Ethan,Sanders
562 High Street,Carroll,a_r_clark@live.com,marveloustrip,810-944-4715,Austin,Clark
109 Front Street,Boissevain,haley_murphy@hotmail.com,interestingsmile,530-005-7012,Haley,Murphy
80 Williams Street,San Francisco,kevin_jenkins@outlook.com,faintroof,318-895-4332,Kevin,Jenkins
5423 Lake Street,Lick Creek,k.a.griffin@outlook.com,stickypin,203-324-7197,Kyle,Griffin
48388 Beech Street,Hortonville,heather.kay.williams33@aol.com,absorbedposition,919-093-6927,Heather,Williams
853 Railroad Street,Linwood,j.m.reed34@rocketmail.com,uppityvoyage,458-881-8088,Jennifer,Reed
597 Pine Street,Lyons,l.coleman@rocketmail.com,efficientsupport,564-898-4974,Layla,Coleman
50628 6th Street North,Lucinda,imking@yahoo.com,jumbledframe,801-371-8851,Isabella,King
9062 Summit Avenue,Basom,s_m65@gmail.com,tenderdesk,847-176-3172,Sebastian,Harris
3209 Surrey Lane,Wilkes Barre,j_w_cooper82@yahoo.com,puzzlingforce,412-680-4164,John,Cooper
6652 Delaware Avenue,Pensacola,sajackson9@rocketmail.com,zippygate,608-390-5967,Steven,Jackson
2832 Route 32,Averill Park,nathanwatson@yahoo.com,tallknowledge,469-244-5926,Nathan,Watson
142 Lafayette Avenue,Martin,a.morgan@live.com,youthfulrainstorm,952-709-8481,Abigail,Morgan
17 Route 1,La Belle,j_a_moore@yahoo.com,realyam,510-390-0863,Jonathan,Moore
20 6th Street North,Rocky Comfort,s.e.moore47@ymail.com,powerfulcushion,252-568-8330,Samuel,Moore
4574 5th Street North,Onawa,michelle.a.simmons20@gmail.com,enormousbehavior,607-080-7527,Michelle,Simmons
8750 Central Avenue,Sacramento,evelyn@ymail.com,frighteningfeeling,949-540-4748,Evelyn,Perez
52 Route 30,Pasadena,isabellaking@rocketmail.com,elitechicken,678-697-6655,Isabella,King
439 Elm Street,Gilchrist,amber.richardson@gmail.com,rambunctiousthunder,971-179-3122,Amber,Richardson
66 5th Street North,Cherry Point,olivia.anderson@yahoo.com,roastedshelf,720-700-3759,Olivia,Anderson
5588 Union Street,Raleigh,a_e_howard48@yahoo.com,wanderingcoat,717-436-7966,Andrew,Howard
20 College Avenue,Closplint,awhite@rocketmail.com,rambunctiousimpulse,267-571-6037,Alexandra,White
1630 7th Avenue,Keokuk,julian.king@ymail.com,feignedocean,325-198-0091,Julian,King
2494 Jackson Street,Bartlett,evelyn_may_foster@hotmail.com,cooperativeairplane,724-720-5162,Evelyn,Foster
27648 Lakeview Drive,McDermitt,alexisgriffin@rocketmail.com,dustyscience,832-144-2125,Alexis,Griffin
663 Maple Avenue,Colorado Springs,mateorichardpowell@live.com,subsequentduck,641-672-2041,Mateo,Powell
71 10th Street,New Orleans,christopher.a@rocketmail.com,learnedplate,478-938-2038,Christopher,Gray
77 Grant Street,Pontiac,rabell@rocketmail.com,publicslope,617-575-5272,Richard,Bell
62 11th Street,Dallas,allisonclark13@aol.com,bewilderednoise,629-180-3345,Allison,Clark
92 4th Avenue,Van Wert,evelyn@yahoo.com,uppityexchange,404-024-3219,Evelyn,Parker
44 Church Road,Tremont City,g.m.robinson@hotmail.com,industriousstar,707-977-6491,Grace,Robinson
667 Park Place,Tivoli,e_m_ross21@rocketmail.com,learnedocean,917-055-4114,Eleanor,Ross
1710 Lake Street,Staatsburg,awdavis@aol.com,shycamera,636-758-1234,Adam,Davis
64 River Street,El Paso,thomas_robinson@live.com,seemlymouth,401-155-9347,Thomas,Robinson
75489 Wood Street,Seminole,n_m_robinson@live.com,funnystem,573-094-7602,Nicholas,Robinson
7121 Jefferson Avenue,East Waterboro,s.mitchell@aol.com,firstsnake,747-625-1145,Sophia,Mitchell
26703 Berkshire Drive,Benson,layla_n_griffin15@ymail.com,nicemarket,765-516-3033,Layla,Griffin
84 Harrison Street,Little Rock,amber_m@hotmail.com,enormouswriting,626-052-9862,Amber,Brooks
88220 North Street,Norfolk,aehughes@rocketmail.com,shybucket,704-617-8935,Aaron,Hughes
8404 Belmont Avenue,Kingman,isabella_evans@outlook.com,wanderingactivity,707-257-8158,Isabella,Evans
3818 Dogwood Lane,Langston,eleanor@aol.com,simplerainstorm,320-022-8325,Eleanor,Thompson
10069 1st Avenue,Duvall,a_h_stewart@live.com,tritestory,267-541-7314,Anthony,Stewart
5724 Maple Street,Cambridge Springs,jasmine.bryant@yahoo.com,delicateharbor,205-105-4837,Jasmine,Bryant
6117 Clark Street,Morris Chapel,l.murphy@yahoo.com,greenmetal,904-158-7578,Laura,Murphy
63 Prospect Street,Duluth,jonathan_jones61@rocketmail.com,poisedhorn,808-262-5550,Jonathan,Jones
54545 Jefferson Avenue,San Jose,josephmatthewcox@ymail.com,breezyhoney,951-755-8813,Joseph,Cox
2725 Mill Street,Miami,o.w.james@outlook.com,dustybridge,916-922-0738,Oliver,James
708 4th Street,Amador City,l_j_johnson@rocketmail.com,typicalrainstorm,272-964-4628,Lauren,Johnson
38 7th Avenue,South Kingstown,omyoung@outlook.com,wanderingboot,975-274-8127,Olivia,Young
91797 South Street,Princeton,e_collins@aol.com,learnedspace,941-045-7844,Eleanor,Collins
2050 Division Street,Fannin,courtney.rivera82@hotmail.com,equablehook,609-585-1107,Courtney,Rivera
99709 Lincoln Avenue,Manquin,c_l@ymail.com,cleanthunder,208-712-8040,Claire,Kelly
357 Front Street North,Meridian,erin.morgan@ymail.com,mistycontrol,309-822-2372,Erin,Morgan
9 Route 1,Savannah,john_griffin@rocketmail.com,plainaccount,339-112-2806,John,Griffin
569 Durham Road,Odon,markalexander@aol.com,mysteriousmitten,915-591-0680,Mark,Alexander
8205 Walnut Avenue,San Francisco,isaac.michael.cook19@yahoo.com,stupendouskey,714-372-0046,Isaac,Cook
70418 High Street,Gould,tcbell95@yahoo.com,naturalelbow,574-185-5257,Theodore,Bell
617 Hillcrest Drive,Fort Worth,awilson@yahoo.com,productivecrate,818-369-6066,Anna,Wilson
51086 Berkshire Drive,Jacksonville,jessicabell46@outlook.com,uppitythunder,518-897-2288,Jessica,Bell
4348 Park Street,New Madrid,n_j_bell@ymail.com,publicmarket,224-411-8208,Nathan,Bell
7242 6th Avenue,South Lake Tahoe,olivia_may_coleman@outlook.com,yellowsteam,220-182-5991,Olivia,Coleman
14882 Washington Street,Pensacola,j_m@yahoo.com,entertainingrange,860-134-6090,Joseph,Washington
84148 6th Street,Holbrook,alyssa.marie.price@yahoo.com,puzzledcushion,978-851-5210,Alyssa,Price
6 5th Avenue,Ithaca,kelsey.howard@rocketmail.com,youthfulkey,661-847-3821,Kelsey,Howard
41792 Hilltop Road,Merrifield,m.patterson@gmail.com,woozystory,774-967-4650,Maria,Patterson
38387 Ridge Avenue,Dana Point,amelia.coleman65@live.com,puzzlingquilt,952-256-1996,Amelia,Coleman
18 Jackson Street,Fisher,taylormsanchez@hotmail.com,fastsupport,585-407-3002,Taylor,Sanchez
18305 Main Street,Flat,s_thomas@gmail.com,zippyscience,351-400-2053,Sophia,Thomas
8102 8th Street,Waxahachie,b.russell@live.com,learnedsmile,415-970-5692,Benjamin,Russell
79 Myrtle Avenue,San Diego,sarah_kay@ymail.com,funnybooks,563-823-5488,Sarah,Brown
979 Cherry Street,Samnorwood,a.m.stewart@ymail.com,roastedbehavior,408-288-0294,Aiden,Stewart
3820 Vine Street,Enfield Center,de11@aol.com,certainmetal,940-241-1368,Dylan,Davis
45 Cherry Street,Vancouver,dwlong26@yahoo.com,puzzledice,301-913-3567,Dylan,Long
981 Prospect Street,Largo,k.r.hernandez32@rocketmail.com,shyscarf,959-334-2093,Katherine,Hernandez
175 West Street,Palo Alto,lillian_margaret@rocketmail.com,certainvessel,312-706-2012,Lillian,Wilson
94 Pennsylvania Avenue,Holmes City,lswood@hotmail.com,nimblebear,413-448-0513,Lauren,Wood
118 Beech Street,Oktaha,sophiasfoster@aol.com,harshtooth,540-161-2935,Sophia,Foster
30 Colonial Drive,Torrance,e.l.bennett@aol.com,adorablesmile,818-767-1342,Emily,Bennett
1 Belmont Avenue,Flushing,lauren.m.kelly@hotmail.com,familiarspace,727-644-5889,Lauren,Kelly
10 Willow Street,Larkspur,emmaanderson@live.com,woodenjeans,814-846-4387,Emma,Anderson
3333 College Street,Hart,k.m.harris@hotmail.com,feigneddrop,210-898-9020,Kayla,Harris
711 Essex Court,Cooleemee,robert_l_wright27@ymail.com,charmingknowledge,951-669-2427,Robert,Wright
6 Elm Avenue,Brucetown,lillian_rose_gonzales76@gmail.com,stupendouswind,575-772-7964,Lillian,Gonzales
8493 Jefferson Street,Catlin,abigail.jane.torres@yahoo.com,cutevoyage,315-814-8196,Abigail,Torres
1100 Brookside Drive,Gainesville,isabella.hill@ymail.com,enchantinggovernor,620-114-5335,Isabella,Hill
79543 2nd Street East,Bethelridge,ethan@rocketmail.com,knowledgeabletin,440-041-0470,Ethan,Lopez
8 Willow Street,De Pere,r.garcia@gmail.com,irateplate,409-134-0508,Rebecca,Garcia
1743 State Street,Beaver Meadows,courtney_patterson@hotmail.com,elasticdebt,332-428-5768,Courtney,Patterson
1207 Route 1,Parsons,z_lopez@yahoo.com,chivalrouswheel,218-363-6046,Zachary,Lopez
39 Cambridge Drive,Oklahoma City,timothy_w_phillips@live.com,subsequentburst,850-523-7600,Timothy,Phillips
721 Clinton Street,Houma,sarah_hughes@aol.com,equalwhistle,520-909-9522,Sarah,Hughes
6050 13th Street,Conasauga,crwright@rocketmail.com,jazzyknowledge,475-064-7010,Chelsea,Wright
9713 Jackson Street,Granger,ashley_ross@gmail.com,steadymemory,860-933-9146,Ashley,Ross
58532 Oak Street,Point Lay,maria.parker@rocketmail.com,fastmitten,430-355-6278,Maria,Parker
10 Cherry Lane,North Bend,a.a@hotmail.com,nicecook,737-003-6786,Andrew,Williams
40429 Clark Street,Allendale,daniel@gmail.com,sneakyposition,870-121-2563,Daniel,Green
6315 5th Avenue,Billings,katherine@live.com,shortbit,843-661-7229,Katherine,Simmons
5220 Dogwood Lane,Hobart,cescott@aol.com,cutetrip,817-518-4368,Claire,Scott
17 Clinton Street,Arley,dylan@yahoo.com,mistyspace,443-623-0729,Dylan,Sanders
1 4th Street,New Brunswick,s.m.smith@aol.com,cooperativeimpulse,979-612-2714,Sara,Smith
23698 3rd Street,Burbank,l_turner20@hotmail.com,plainsnake,901-834-2578,Layla,Turner
244 Main Street North,Rexmont,b_martin44@yahoo.com,typicalnoise,862-525-1085,Brittany,Martin
8850 Lafayette Avenue,Ivyton,maria.hernandez@outlook.com,stupendousexistence,713-364-9705,Maria,Hernandez
3555 Court Street,Hancock,tyler.patterson@outlook.com,squealinghope,323-160-1896,Tyler,Patterson
696 Center Street,Ansonville,lking@ymail.com,adorablebit,618-549-9532,Lillian,King
16429 River Street,Wilmington,julian.wayne.brown19@gmail.com,bewilderedletter,765-776-0193,Julian,Brown
4188 Jackson Street,Clio,a_washington@outlook.com,animatedtrip,918-705-7473,Amanda,Washington
1472 6th Street,Max,christopherjohngarcia@yahoo.com,complexproperty,516-337-5120,Christopher,Garcia
83182 1st Avenue,Angora,nicole.m70@live.com,seemlytendency,478-177-6665,Nicole,Diaz
949 6th Street West,Erie,charlotte32@ymail.com,wanderingstart,831-113-0773,Charlotte,Ward
131 East Street,Steele City,chughes@hotmail.com,iratefuel,918-376-0151,Charles,Hughes
20 Hilltop Road,Etterville,christopher_hall@live.com,coherentlamp,620-296-3383,Christopher,Hall
12 Prospect Street,Boston,arpeterson32@aol.com,delicatespace,912-453-6610,Aaron,Peterson
187 Mill Street,North Windham,grace.i.williams@hotmail.com,faintfurniture,469-422-6513,Grace,Williams
30765 Spring Street,Frazeysburg,christina.jones@gmail.com,firsttendency,470-555-9426,Christina,Jones
10582 Vine Street,Dallas,smwright@hotmail.com,coherentforce,586-029-3800,Sebastian,Wright
6543 Woodland Avenue,Botkins,danielle.henderson@live.com,equablemarket,774-548-5937,Danielle,Henderson
8527 Colonial Drive,Newton Grove,arwhite70@yahoo.com,miniaturecoat,508-472-9796,Aiden,White
3082 Clinton Street,Caddo Gap,brittanymgonzales@rocketmail.com,dampnotebook,989-029-4067,Brittany,Gonzales
1522 7th Street,Augusta,h_cox@gmail.com,damagingshelf,718-183-1074,Henry,Cox
8948 7th Avenue,Waterbury,t_d@ymail.com,spikycherry,339-733-1090,Thomas,Henderson
684 George Street,Middleburg,a_r_bailey@hotmail.com,mysteriousshelf,617-046-3101,Ava,Bailey
72 Warren Street,Fort Johnson,s.w.ross@yahoo.com,mistymetal,217-101-8158,Stephen,Ross
71089 Holly Drive,Muscatine,ddbrown@gmail.com,enchantingverse,352-538-8237,Daniel,Brown
9454 Magnolia Drive,Stella Niagara,r_ward@outlook.com,adorablearm,971-196-2330,Richard,Ward
749 6th Street,Foxburg,o_a_bryant10@gmail.com,enchantingfriend,775-625-6883,Oliver,Bryant
1219 Charles Street,Coal Center,laylamichellebutler@hotmail.com,zestyswim,215-056-0756,Layla,Butler
4929 Main Street South,Tyner,kimberly@yahoo.com,typicalknowledge,716-906-6326,Kimberly,Griffin
593 Main Street East,Marland,a_ramirez32@yahoo.com,outgoingpurpose,234-826-4745,Abigail,Ramirez
98655 South Street,Pasadena,charles_l_wright@hotmail.com,betterwhistle,479-289-9440,Charles,Wright
71060 Elm Street,Minford,s_jackson50@gmail.com,receptivecrate,469-169-7000,Samuel,Jackson
30693 Durham Road,Ellington,richard.allen@hotmail.com,animatedfurniture,206-647-3200,Richard,Allen
7785 Mill Road,Amherst,a_robinson@rocketmail.com,puzzlingfrog,701-078-8166,Ava,Robinson
414 4th Street West,Hart,a_w_sanders@yahoo.com,rambunctiousghost,915-154-2798,Aiden,Sanders
83 New Street,Sebastopol,s_a@rocketmail.com,overtairplane,321-538-2777,Steven,Phillips
79194 Main Street North,Phoenix,christina_irene_brown32@outlook.com,plaintaste,228-450-3082,Christina,Brown
52 Cherry Street,Alhambra,m_ramirez60@rocketmail.com,largevacation,863-760-9438,Melissa,Ramirez
3355 River Road,Cicero,r.a.howard@hotmail.com,delicateactivity,719-387-1110,Richard,Howard
29 Heather Lane,Denver,rcox71@outlook.com,chemicalangle,325-138-6243,Rebecca,Cox
14 Lafayette Avenue,Oberlin,layla.irene.jackson76@live.com,sneakyburst,816-611-3015,Layla,Jackson
2309 Creek Road,Ladson,i.a.phillips@outlook.com,chemicaldegree,413-575-1963,Isaac,Phillips
863 Court Street,Hiram,brianna_kay_morris83@hotmail.com,uppityframe,605-701-7621,Brianna,Morris
1356 Primrose Lane,East Saint Louis,samantha.carter@aol.com,cutevacation,980-294-2533,Samantha,Carter
820 13th Street,Rowena,mlking@aol.com,joyousbear,210-267-0086,Melissa,King
55 Railroad Street,Salt Lake City,jose.robert.bell@live.com,nicemarket,616-119-3368,Jose,Bell
6902 Adams Street,Oakland,zachary@ymail.com,jazzyduck,301-359-3381,Zachary,Bennett
84610 Ridge Avenue,Little Rock,benjamin@gmail.com,cleanmetal,910-616-6445,Benjamin,Baker
7321 5th Street North,La Pryor,h.l.white@aol.com,frightenedorder,410-344-2015,Heather,White
50260 5th Street,Morrow,stephen.hernandez@live.com,wryquilt,773-289-2914,Stephen,Hernandez
74001 Shady Lane,Port Charlotte,joshua_wayne@aol.com,faintrecess,602-594-0615,Joshua,Wright
80 Park Drive,Pelham,chelsea.taylor@yahoo.com,sneakyposition,559-139-4918,Chelsea,Taylor
67 Warren Street,Santa Clara,dscott@ymail.com,chiefcable,516-046-0057,David,Scott
195 Penn Street,Saint Elizabeth,aiden.eugene.jenkins@aol.com,distinctrock,425-931-1219,Aiden,Jenkins
645 Delaware Avenue,Salt Lake City,thomas_edward_ross@aol.com,opensnake,972-162-7235,Thomas,Ross
682 Elizabeth Street,Chefornak,aubreyelizabethrogers@live.com,roastedcook,970-441-4480,Aubrey,Rogers
9076 Dogwood Lane,Auburn,e.garcia@ymail.com,brieflanguage,408-735-1948,Elizabeth,Garcia
4402 Pine Street,Snellville,e.foster73@gmail.com,delicatetooth,954-831-9537,Emily,Foster
42 Route 30,Dement,david@hotmail.com,simplisticverse,626-703-3569,David,Bennett
11792 Primrose Lane,Kirwin,a.cox@rocketmail.com,frightenedhoney,843-192-1098,Alexis,Cox
9421 Beech Street,Tulsa,mary@rocketmail.com,delicatebit,269-658-2927,Mary,Russell
817 1st Street,Springer,joseph.eugene@outlook.com,funnycook,847-471-3425,Joseph,Rodriguez
66 Center Street,Houston,justinwilliambryant@gmail.com,funnybit,848-596-2364,Justin,Bryant
2987 Hilltop Road,Lake Winola,benjamin_c_wilson32@aol.com,flashyanimal,715-359-5688,Benjamin,Wilson
224 Surrey Lane,McDonald,zmorris@rocketmail.com,equalexistence,308-274-5379,Zachary,Morris
11 Main Street West,Pearcy,elizabeth.j.bryant@aol.com,mightybelieve,769-994-4084,Elizabeth,Bryant
18122 Highland Avenue,Wauneta,h.r.ross@gmail.com,calculatingshake,386-146-9573,Hannah,Ross
31858 Cedar Lane,Glenwood,andrew_jones@outlook.com,yellowfriend,901-927-6356,Andrew,Jones
99714 2nd Avenue,Wyoming,c.harris@aol.com,absentcherry,559-332-7013,Charles,Harris
154 8th Street,Speedwell,isaac_a_powell@live.com,dullsoup,253-409-8016,Isaac,Powell
272 Virginia Avenue,Dennison,daniellethompson@outlook.com,coherentfuel,917-990-7099,Danielle,Thompson
30 Bridge Street,Orlando,thomas.evans34@hotmail.com,zippynose,218-741-6879,Thomas,Evans
49 Dogwood Drive,Trenton,maria_faith_walker@ymail.com,rambunctiousface,947-403-5144,Maria,Walker
734 Sherwood Drive,Honolulu,clwilliams@hotmail.com,voraciouscreature,904-675-5535,Chelsea,Williams
26249 Mulberry Street,El Granada,aidenrallen@live.com,realhope,609-320-9594,Aiden,Allen
36189 River Street,Range,j.anderson@live.com,harshair,732-080-0674,John,Anderson
7017 Route 32,Fresno,james.phillips30@outlook.com,faintcushion,614-897-4651,James,Phillips
409 Woodland Avenue,Ontario,grace.rose.hayes12@outlook.com,triteshade,615-308-6673,Grace,Hayes
841 3rd Avenue,Fountain Hills,e_thompson46@ymail.com,woozyverse,916-926-8448,Erin,Thompson
51 Maple Street,Black Eagle,a_l@yahoo.com,breezychicken,570-334-6200,Abigail,Patterson
95753 Pearl Street,Mulvane,e.l.jenkins@live.com,nimblecherry,984-771-5780,Eleanor,Jenkins
57 Main Street North,Westmorland,brandon_j_robinson70@outlook.com,naturalquilt,646-554-2069,Brandon,Robinson
8836 Highland Avenue,Crum,lillian.marie.richardson@live.com,vivacioushose,913-380-5203,Lillian,Richardson
33670 7th Street East,Panola,sofia@ymail.com,shortbelieve,989-508-3736,Sofia,Murphy
169 Holly Drive,Days Creek,nicole.anne.cox@ymail.com,bashfulairplane,608-971-4007,Nicole,Cox
809 11th Street,Davis Station,kimberly.perez@ymail.com,jumbledwriting,952-408-7218,Kimberly,Perez
144 Durham Road,Trinidad,s_a_young@outlook.com,voraciouslamp,935-485-2020,Steven,Young
1191 Shady Lane,Ponder,acarter@live.com,wisescarf,606-864-0659,Anthony,Carter
77 Jackson Street,Corona,taylor.lopez@live.com,youthfulforce,580-533-9490,Taylor,Lopez
64 Washington Avenue,North Salem,haley_r@hotmail.com,publicyam,308-870-1241,Haley,Collins
89044 Main Street North,Normal,e.j.reed@ymail.com,roastedtaste,414-343-0208,Ethan,Reed
91 Hilltop Road,Anchorage,emily.r.campbell@live.com,industriousmouth,657-402-9826,Emily,Campbell
57 Broadway,Alexandria,j_patterson@live.com,complexbulb,802-171-3949,John,Patterson
695 7th Street,Castorland,michaelwilson@aol.com,marveloushammer,216-414-9484,Michael,Wilson
977 Hillside Drive,Deer Lodge,amber_m_perry@yahoo.com,unknownshade,617-991-0943,Amber,Perry
488 Lakeview Drive,Eagles Mere,charles41@ymail.com,poisedbulb,409-094-1106,Charles,Martinez
22 Mill Street,Saint Augustine,amelia.cox@ymail.com,receptivekey,772-713-5877,Amelia,Cox
41111 6th Avenue,Kanaranzi,john.david.phillips@rocketmail.com,festivecard,202-935-3978,John,Phillips
3134 Elm Avenue,Jackson,mwatson@ymail.com,plainsteam,812-590-0377,Megan,Watson
82 7th Avenue,Berryville,v.m@ymail.com,maddeningbehavior,319-644-7788,Victoria,Phillips
63 Franklin Avenue,Yorktown Heights,christinamedwards@rocketmail.com,goofyscience,262-881-5694,Christina,Edwards
47664 George Street,Valley Park,josephftaylor@rocketmail.com,marvelousthumb,848-879-2169,Joseph,Taylor
64 1st Street,Los Angeles,b_washington@rocketmail.com,hungrysweater,571-555-7770,Brandon,Washington
74 Park Place,Loco,b_m_adams@aol.com,sombermoney,760-309-2192,Brianna,Adams
20511 Charles Street,La Russell,m_nelson@aol.com,youthfuldrop,210-766-9179,Maria,Nelson
19 2nd Street East,Kaaawa,t.j.mitchell@outlook.com,festiveimpulse,607-017-6416,Taylor,Mitchell
2064 Park Avenue,Lincolndale,kimberly.robinson@live.com,elasticshelf,214-342-6844,Kimberly,Robinson
21230 Williams Street,Corte Madera,a.sanders@aol.com,mightyhope,562-380-8335,Alyssa,Sanders
29 Charles Street,Athens,c.thompson14@live.com,bettersilk,870-803-3927,Chelsea,Thompson
13 Adams Street,Tampa,isaacmoore@hotmail.com,wrydegree,701-786-3546,Isaac,Moore
70 Hillcrest Drive,Johnstown,sebastian_charles_martinez87@gmail.com,cutefrog,980-467-1933,Sebastian,Martinez
7588 Cambridge Court,Saint Petersburg,twparker@outlook.com,bouncyspring,513-861-8721,Tyler,Parker
90 Church Road,Caliente,d.a.ward64@hotmail.com,productivejewel,310-217-4834,Daniel,Ward
539 Madison Avenue,Portland,michael@outlook.com,hurriedarm,864-320-1696,Michael,Scott
35 Elm Street,Nampa,isaac_hill@ymail.com,standingnote,417-337-2302,Isaac,Hill
870 Fairview Avenue,Newark,jeremylbaker53@yahoo.com,stickywhistle,414-553-7255,Jeremy,Baker
3525 Liberty Street,Brockway,mahill@yahoo.com,enchantingsweater,203-782-5063,Matthew,Hill
8194 Highland Drive,Huntington,mark_collins@ymail.com,tallbucket,410-250-7176,Mark,Collins
74159 Mulberry Street,Wilmington,alexandra_allen@gmail.com,festivevoice,703-898-8140,Alexandra,Allen
63 Brookside Drive,Rose,l.a.taylor@aol.com,medicalbrick,406-106-3821,Laura,Taylor
4084 8th Street,Snohomish,michael_andrew_simmons62@aol.com,publicflame,952-661-7145,Michael,Simmons
278 Woodland Avenue,Hawk Springs,klfoster@hotmail.com,plainmouth,516-451-7596,Kayla,Foster
684 Hill Street,El Paso,m.stewart98@outlook.com,colossalghost,612-810-8257,Michael,Stewart
7 Oak Lane,Walnut Creek,laurag@gmail.com,tallhose,641-583-5133,Laura,Bailey
216 Hillcrest Drive,Haldeman,d_m@aol.com,sneakycreature,513-397-9262,David,Murphy
5575 School Street,Cleveland,julian.ross@live.com,stickyharbor,301-051-0498,Julian,Ross
8962 3rd Street,El Paso,jessica.adams@yahoo.com,wickedocean,716-058-4746,Jessica,Adams
709 Franklin Street,Henry,sean_d_ross73@ymail.com,sneakyvoice,813-574-1446,Sean,Ross
9 Jefferson Avenue,Lanham,danielle.russell@aol.com,wryhorn,570-708-4166,Danielle,Russell
7106 Route 6,Griffin,brandon.a.lewis@yahoo.com,magentadrop,662-651-2384,Brandon,Lewis
556 Hillside Avenue,University Park,a_j@outlook.com,frighteningposition,857-175-1310,Austin,King
22 Academy Street,Prospect Heights,r.r.garcia@live.com,seemlybear,763-946-8426,Robert,Garcia
456 7th Avenue,Dallas,patrick_michael74@yahoo.com,overtduck,925-636-0735,Patrick,Perez
7512 7th Street,Bakersfield,aubreygriffin@rocketmail.com,goofyexistence,707-464-9701,Aubrey,Griffin
86 Virginia Avenue,Sandy Spring,timothyfrancisross@live.com,temporarysound,507-851-3740,Timothy,Ross
986 Center Street,Clarks Summit,k_rogers@yahoo.com,quickcable,757-625-7205,Kayla,Rogers
165 4th Street,Highland Falls,l_d_allen@hotmail.com,jollyfriend,727-242-7956,Layla,Allen
70 3rd Street West,Bremond,n_hall@outlook.com,voraciouspurpose,380-013-3758,Natalie,Hall
43 Walnut Avenue,Slingerlands,sacarter@ymail.com,wickedswim,940-609-3411,Samuel,Carter
6524 Front Street,Elkridge,s_c_martin@aol.com,enormoussmile,720-996-9558,Stephen,Martin
846 Madison Avenue,Toledo,a_m@hotmail.com,temporarypocket,507-772-2440,Abigail,Thomas
99 Pleasant Street,King Hill,c.l.phillips@outlook.com,animatedtray,801-284-6013,Charlotte,Phillips
21646 3rd Street,Fletcher,bbutler@aol.com,festivecable,847-622-9082,Brittany,Butler
485 Harrison Street,Denmark,j_patterson@ymail.com,interestingvacation,440-431-1127,John,Patterson
2764 Park Avenue,Lake Winola,david_john_johnson@aol.com,averagemouth,704-934-8413,David,Johnson
11946 Park Street,Bakersfield,ewood@hotmail.com,nicefrog,612-263-7515,Emily,Wood
330 Union Street,Columbus,irbryant@outlook.com,flashycard,682-763-0805,Isabella,Bryant
8066 Route 10,Connellsville,jack.bailey@outlook.com,frighteningelbow,920-218-2688,Jack,Bailey
64 13th Street,Gene Autry,sadams@live.com,plainbooks,607-503-3151,Sophia,Adams
91962 9th Street,Atwater,taylor.g.butler22@gmail.com,usedwren,650-792-8997,Taylor,Butler
69949 Main Street South,Vass,t.g.price72@gmail.com,kindheartedplate,303-773-0561,Tiffany,Price
56 Park Avenue,Scranton,adiaz@live.com,funnyhammer,720-316-6230,Austin,Diaz
80152 College Avenue,Duplessis,amberrivera@rocketmail.com,triteimpulse,606-543-6063,Amber,Rivera
75 Maple Street,Orland,brittanycarter@ymail.com,kindlytooth,316-643-8151,Brittany,Carter
26 College Avenue,Goshen,joshua_a_thomas@live.com,feignedthunder,862-445-6650,Joshua,Thomas
340 Grove Street,Des Moines,charles.young@rocketmail.com,chivalrousproperty,320-898-7905,Charles,Young
1283 Chestnut Street,Berwind,hmartinez@ymail.com,bouncyair,740-485-3622,Hannah,Martinez
5318 Pleasant Street,Newberry,e_j@hotmail.com,sneakycorn,937-766-4022,Evelyn,Brooks
44786 Court Street,Viola,nicolemross@rocketmail.com,opentomatoes,704-788-1867,Nicole,Ross
928 Summit Avenue,Pear Valley,k_j_coleman@hotmail.com,mightyhorn,708-922-4528,Kevin,Coleman
3894 Chestnut Street,Dallas,sophia_a_rogers@hotmail.com,mellowairplane,330-791-3561,Sophia,Rogers
213 Court Street,Guilderland,jasmine.hughes53@yahoo.com,familiarrange,206-980-2699,Jasmine,Hughes
614 Route 10,Copeland,audrey_k_lewis@aol.com,tendersteam,707-549-5871,Audrey,Lewis
86964 King Street,Lonsdale,rrobinson@ymail.com,stormynote,928-478-0302,Rebecca,Robinson
439 Ridge Avenue,Lowgap,meganmayparker92@yahoo.com,dapperriver,610-563-9571,Megan,Parker
70 9th Street,Tulsa,robert_matthew@rocketmail.com,painstakingwheel,616-434-9739,Robert,Walker
177 Adams Street,Hiseville,m_murphy@yahoo.com,unknownrailway,929-710-8369,Maria,Murphy
14327 Park Avenue,Casey,jjjackson50@outlook.com,nondescriptriddle,206-930-5224,Jose,Jackson
960 Beech Street,Pearce,jack@rocketmail.com,befittingmetal,724-257-4450,Jack,Turner
24 Meadow Lane,El Paso,a.e.henderson@live.com,distinctmailbox,720-013-7355,Amber,Henderson
37 Valley Road,Saint Joseph,e_hernandez@live.com,miniatureanimal,681-231-1855,Emma,Hernandez
701 6th Street West,Palmersville,irrogers@ymail.com,shyvacation,409-026-8361,Isaac,Rogers
285 Pearl Street,Temecula,jessica.e.lewis@aol.com,enormousrainstorm,518-490-7350,Jessica,Lewis
25208 Ridge Road,Herald,aflores@gmail.com,jumbledbit,682-039-2624,Alexis,Flores
67 Oak Street,Milburn,christina_s_thompson@yahoo.com,calculatingrailway,975-893-4991,Christina,Thompson
21825 Academy Street,Sheridan,e.brooks@live.com,gulliblebadge,740-554-9637,Ethan,Brooks
143 West Street,West Newbury,k_washington@yahoo.com,equablethunder,267-784-4972,Kayla,Washington
2064 3rd Street West,Lewisboro,tyler.russell97@hotmail.com,handsomestory,575-824-2614,Tyler,Russell
654 8th Street,Wolcottville,j_morris@live.com,outgoingfrog,240-386-0791,Jack,Morris
57254 Maple Avenue,Wendel,jmsanders@outlook.com,coherentshake,835-741-8832,Jennifer,Sanders
570 Pearl Street,Canton,ajhenderson@ymail.com,familiarvoyage,317-956-6262,Amelia,Henderson
9221 4th Street West,Towner,joshua_w_butler@hotmail.com,breezysuit,502-016-7885,Joshua,Butler
83 Lakeview Drive,Barboursville,t_cox@yahoo.com,hungryfuel,413-914-0896,Tyler,Cox
32 Meadow Lane,Monahans,kaylajeanstewart@gmail.com,briefcontrol,763-441-9710,Kayla,Stewart
560 Cambridge Court,Renault,a_jenkins@hotmail.com,interestingrainstorm,564-008-6280,Adam,Jenkins
317 6th Avenue,Portland,christinaelizabethgray@live.com,efficientscarf,567-818-9796,Christina,Gray
97 Washington Street,Fort Worth,dbryant@hotmail.com,iratebrick,916-897-6741,Dylan,Bryant
10 Walnut Avenue,Richmond,kaitlyn.grace.wilson@yahoo.com,animatedanimal,440-185-0045,Kaitlyn,Wilson
28 Linden Street,Lexington,nicholasjackson@ymail.com,pumpedarm,267-330-8462,Nicholas,Jackson
24 Charles Street,Elsie,mramirez55@aol.com,highfalutinangle,972-556-6940,Michael,Ramirez
21 Dogwood Drive,Birmingham,s.k@aol.com,mysterioussuit,985-862-8741,Stephanie,Simmons
4539 Clinton Street,Lincoln City,kyle_j_turner@rocketmail.com,wistfultin,432-751-2477,Kyle,Turner
79 Woodland Drive,Mount Vernon,eghenderson@gmail.com,priceyriddle,810-807-4091,Emma,Henderson
76833 5th Street West,Keene,oliver.scott.thomas@aol.com,powerfulfeeling,469-577-7976,Oliver,Thomas
23703 6th Avenue,Atlanta,m.m@rocketmail.com,outgoingface,817-075-7976,Michelle,Henderson
97704 Dogwood Lane,Talmoon,heather.m.rivera7@gmail.com,colossalchicken,352-053-8396,Heather,Rivera
1806 Hilltop Road,Sioux Falls,a.f.bailey@yahoo.com,shyeye,615-455-6654,Ava,Bailey
95459 Madison Avenue,Newton,nathan.henderson@yahoo.com,strongpin,229-081-3988,Nathan,Henderson
663 Grove Street,Chattanooga,alhernandez@yahoo.com,steadyexchange,650-064-1651,Aaron,Hernandez
56316 Chestnut Street,Auburn,isaacleediaz@live.com,outgoingarm,352-210-8032,Isaac,Diaz
889 Cambridge Court,Houston,timothy_william_baker@rocketmail.com,flashyrock,330-546-6595,Timothy,Baker
97198 Summit Street,Bowie,charles_t_campbell@ymail.com,stickyrainstorm,469-761-2902,Charles,Campbell
73 Meadow Lane,Filion,afhill@outlook.com,ultraexistence,863-292-2527,Austin,Hill
6003 Fairview Avenue,Perry,l_alexander50@outlook.com,dullhook,843-348-4246,Lillian,Alexander
33 Chestnut Street,Lake Benton,joshuabrown39@rocketmail.com,greenearth,959-588-5878,Joshua,Brown
92721 Laurel Lane,Victor,joshua@live.com,miniatureghost,516-102-4534,Joshua,Kelly
92526 Essex Court,Walnut Springs,d_davis@gmail.com,calculatingtrip,954-279-8091,Danielle,Davis
14 Circle Drive,New York,alexandra15@live.com,efficientbrick,505-262-1710,Alexandra,Gray
563 Ridge Road,Hawley,a.perry18@outlook.com,elitesilk,210-536-2729,Allison,Perry
61 Main Street South,Oklahoma City,s.m@gmail.com,miniaturestory,202-991-8630,Samantha,Green
91841 Main Street,Fort Pierce,dylan.matthew.adams@outlook.com,animatedcherry,678-733-5315,Dylan,Adams
6028 Essex Court,Poplar Grove,r.g72@rocketmail.com,bouncywave,212-137-1375,Rebecca,Stewart
657 Court Street,Galloway,mary_rogers@outlook.com,naturaljeans,804-626-5923,Mary,Rogers
6374 2nd Street West,Elk Mills,sofia_collins@rocketmail.com,sombershelf,615-002-1290,Sofia,Collins
342 Hillside Drive,Haverhill,jessicadmartinez@gmail.com,woodensoup,216-811-4822,Jessica,Martinez
2180 James Street,Echo,kaylastewart@yahoo.com,kindheartedyam,935-197-7880,Kayla,Stewart
42327 Broad Street,Wells Bridge,victoria.k.anderson96@yahoo.com,learnedrailway,925-053-5218,Victoria,Anderson
2606 5th Street,Basehor,rdavis@aol.com,yellownose,817-493-5384,Rebecca,Davis
38 Green Street,Yerington,julian_thomas_powell@aol.com,upsettomatoes,319-037-7368,Julian,Powell
45597 2nd Street West,Centerville,brianna@live.com,absorbedtheory,919-013-4048,Brianna,Baker
58 Hickory Lane,Bakersfield,michelle_j_alexander@rocketmail.com,kindheartedcook,607-224-9984,Michelle,Alexander
94125 Main Street East,Hiram,layla_j_stewart@hotmail.com,bouncyhoney,760-674-1005,Layla,Stewart
79 Fairview Avenue,Mexia,cmorgan@live.com,handsomeorder,567-173-4558,Charles,Morgan
631 Route 29,Saint Paul,nathantjenkins19@ymail.com,delicatesuit,347-927-1820,Nathan,Jenkins
2492 Delaware Avenue,Las Animas,dylan_j97@gmail.com,zestyshape,747-073-0626,Dylan,Nelson
5194 Union Street,Ingleside,layla_williams@yahoo.com,firstriddle,612-942-1767,Layla,Williams
3625 5th Street,Merton,r_henderson@gmail.com,magentarange,904-997-1462,Richard,Henderson
80692 Fairview Avenue,Toledo,c.m.long65@rocketmail.com,violetnotebook,682-085-6969,Christina,Long
540 6th Street,Crozet,hannah.rose.miller@hotmail.com,familiarstory,470-553-7718,Hannah,Miller
8796 Elm Avenue,Ravenna,rebeccareneetorres@aol.com,steadydebt,435-198-4222,Rebecca,Torres
1790 Warren Street,Conover,s.martinez@ymail.com,woozyvoyage,225-250-1884,Stephen,Martinez
3 2nd Street East,White Hall,s.m.williams@hotmail.com,powerfulpin,276-751-9595,Sophia,Williams
106 4th Street North,Alexandria,c.wright@hotmail.com,hurriedplate,276-331-1589,Chelsea,Wright
468 Charles Street,Wascott,hannah.martinez@gmail.com,quickgovernor,843-327-6372,Hannah,Martinez
385 6th Street North,Stanfield,joshuarobinson@rocketmail.com,sneakyspring,262-568-5764,Joshua,Robinson
5 Park Street,Estes Park,brcook60@aol.com,animatedticket,339-366-3409,Brian,Cook
100 Beech Street,Blairstown,a.j.martin@hotmail.com,elasticnoise,234-221-8158,Aaron,Martin
963 Locust Street,Ringgold,gracehernandez@outlook.com,stupendoustomatoes,262-456-3681,Grace,Hernandez
354 New Street,Goldendale,d.long47@yahoo.com,prettyvoyage,254-511-5400,Danielle,Long
77 6th Street,Vienna,e.d.thomas43@hotmail.com,kindheartedpocket,646-279-9398,Emma,Thomas
602 3rd Street West,Dansville,danieledwards@outlook.com,scientificjar,323-571-7429,Daniel,Edwards
68 Main Street West,Ashland,l_s_lee@aol.com,subsequentaccount,623-828-5704,Laura,Lee
6816 Hickory Lane,Donovan,jason_robinson92@rocketmail.com,betterhose,863-608-7018,Jason,Robinson
41 Elm Street,Franklin,samantha.richardson41@aol.com,painstakingsteam,541-937-0272,Samantha,Richardson
82 Creek Road,Eureka,gabriel_morgan@hotmail.com,wanderingrailway,614-999-2432,Gabriel,Morgan
28 2nd Avenue,Robinson,e_m_parker@rocketmail.com,hungryfuel,717-550-4667,Elizabeth,Parker
348 Route 32,Ripon,j_brown@gmail.com,mightyghost,765-416-0606,Jonathan,Brown
379 Route 6,Miami,stevenandrewrivera93@ymail.com,nondescriptrainstorm,810-177-8021,Steven,Rivera
65 Walnut Avenue,Wallowa,aidenrichardbrooks@aol.com,funnyjeans,949-542-4594,Aiden,Brooks
30378 Green Street,Winterhaven,danielle95@ymail.com,charmingnose,405-798-8901,Danielle,Russell
847 Route 6,Perkins,s_taylor@rocketmail.com,woozytomatoes,220-395-8471,Sara,Taylor
2570 Vine Street,Jacksonville,b.m.gonzales@aol.com,entertainingroof,619-306-7101,Brianna,Gonzales
2 Division Street,Las Vegas,s.roberts44@aol.com,clutteredmoney,858-402-4962,Samantha,Roberts
788 New Street,Indian Rocks Beach,hannahrrobinson@live.com,absentcard,505-334-5988,Hannah,Robinson
73 Laurel Street,Axtell,eric_r_foster@live.com,mellowair,713-168-6253,Eric,Foster
23 College Avenue,Oxford,kaitlyn.cook@rocketmail.com,squealingshape,989-632-7289,Kaitlyn,Cook
83625 Washington Street,Palmdale,lauren.marie.perez@hotmail.com,crazymachine,980-198-6758,Lauren,Perez
26 Creek Road,Salt Lake City,jasonawalker@hotmail.com,knowledgeablecoat,281-045-0590,Jason,Walker
46 Brookside Drive,Goodman,tyler.m@hotmail.com,bashfulchicken,803-916-8438,Tyler,Bell
62748 6th Avenue,Alpine,a_campbell@live.com,funnysteam,413-040-8163,Anna,Campbell
52 Washington Avenue,Fort Valley,jennifer_m_rivera@rocketmail.com,poisedyam,724-365-2364,Jennifer,Rivera
11 Spring Street,Maysel,j.jenkins68@rocketmail.com,nondescriptbehavior,706-898-1910,James,Jenkins
9486 5th Street West,Fort Wayne,h_scott@rocketmail.com,largedrop,831-855-4536,Heather,Scott
38 Maple Avenue,Huntington Station,evelyngarcia@rocketmail.com,equablemitten,269-134-8841,Evelyn,Garcia
26989 Cedar Street,Pettibone,j_g_cooper23@outlook.com,outgoingsuit,319-672-1951,Justin,Cooper
5172 State Street,Tampa,i_lopez@rocketmail.com,youthfulgate,779-264-4917,Isaac,Lopez
500 Broad Street,Mont Vernon,richardfoster1@live.com,zippyrecess,316-544-8156,Richard,Foster
940 Central Avenue,Quail,bgray2@yahoo.com,jumbledcushion,620-367-7165,Benjamin,Gray
23239 7th Street East,Fort Littleton,joshua_a_edwards86@ymail.com,outgoingrange,818-297-0185,Joshua,Edwards
36 4th Street North,La Porte City,christina_elizabeth_brooks23@outlook.com,enchantingwave,906-241-6336,Christina,Brooks
58061 Water Street,Clarington,ethan.a.coleman@yahoo.com,absorbedplate,220-851-6349,Ethan,Coleman
60062 Hilltop Road,Klondike,t_j_jenkins@aol.com,miniaturesign,626-706-2233,Timothy,Jenkins
57757 Prospect Avenue,Lisbon,a_a_anderson@aol.com,violetknowledge,754-713-1377,Adam,Anderson
25330 Center Street,Hartford,daniel_robert@outlook.com,priceyair,619-132-9254,Daniel,Ward
4467 Route 29,Naknek,robert.reed@live.com,receptivedegree,475-009-8903,Robert,Reed
9050 Warren Street,Las Vegas,p_a_hill@yahoo.com,irateshade,515-012-9243,Patrick,Hill
331 Madison Street,Ruckersville,ajones@live.com,fastgovernor,848-681-2217,Alexandra,Jones
721 Hilltop Road,Atwater,victoria2@live.com,iratespring,936-330-1617,Victoria,Hernandez
686 Essex Court,Olathe,allison_m_ward@ymail.com,roastedairplane,231-394-5409,Allison,Ward
39 Buckingham Drive,Westside,rebecca_l_morris@ymail.com,publiccrate,469-596-5211,Rebecca,Morris
37 Cherry Street,Fremont,lking@hotmail.com,stupendousliquid,217-640-5442,Lillian,King
502 Surrey Lane,Akron,timothyrichard@yahoo.com,gullibledegree,650-415-4081,Timothy,Parker
83 Mill Street,Westport,j_s_garcia@aol.com,shycat,817-490-3152,Joshua,Garcia
7220 Church Street,Rooseveltown,michaelphillips@outlook.com,earthyrange,443-942-8033,Michael,Phillips
55 Williams Street,Cedarbluff,j.murphy@outlook.com,fastchicken,313-551-1062,Jeremy,Murphy
91185 8th Street,Middle Village,samantha_mary@hotmail.com,yellowanimal,863-645-1170,Samantha,Cook
13 3rd Street West,Covington,brian.scott.wright@gmail.com,scientificduck,619-937-8233,Brian,Wright
46 2nd Street,Lamar,j.g.parker@gmail.com,enchantingelbow,551-866-2313,Jonathan,Parker
7318 Clinton Street,Boyden,twright@yahoo.com,highfalutintheory,872-407-5793,Tiffany,Wright
812 4th Street North,Brewerton,j.bell@gmail.com,mellowmoney,952-398-6906,Jonathan,Bell
7028 Hickory Lane,Raymond,aroberts@ymail.com,colossalriddle,925-054-9987,Amber,Roberts
8474 4th Street North,East Providence,c_g_perry@ymail.com,chiefface,631-484-7186,Christopher,Perry
5 Laurel Street,Fort Lauderdale,aalexander@yahoo.com,earthyplate,484-819-3326,Amber,Alexander
525 Market Street,Mount Pleasant,alee@rocketmail.com,coherentsnake,320-171-9440,Abigail,Lee
86515 Laurel Lane,Waverly,lauren_michelle_cox@gmail.com,publichorn,929-262-3403,Lauren,Cox
862 Surrey Lane,Millersburg,t_richardson@rocketmail.com,efficientmouth,347-951-8564,Timothy,Richardson
9314 Center Street,Dexter,e.murphy@live.com,plainjar,629-604-4186,Evelyn,Murphy
35724 5th Street North,Lyman,m.brown@gmail.com,mellowwave,863-736-8292,Melissa,Brown
7620 Warren Street,El Paso,ericmatthew@outlook.com,equableearth,623-364-8540,Eric,Adams
8950 Delaware Avenue,Madison,abigail_white@gmail.com,jumbledstart,708-129-4201,Abigail,White
94 Spruce Street,Palos Park,dylanmdavis@live.com,enormousgovernor,254-094-4584,Dylan,Davis
8654 College Avenue,Strong,c.reed@gmail.com,stormystory,915-414-7988,Chelsea,Reed
57 12th Street,Daly City,j_h5@gmail.com,familiarfurniture,469-443-4429,John,Hughes
89544 Court Street,Climax,tstewart@outlook.com,briefslope,360-081-7996,Theodore,Stewart
81 Brookside Drive,Mandeville,l_j_patterson@aol.com,publicmouth,646-676-5097,Layla,Patterson
4948 Holly Drive,Marshall,m_c_martin@live.com,sombervessel,239-239-0552,Matthew,Martin
83 3rd Street,Clearwater,r_m@hotmail.com,incandescentfeeling,307-625-0476,Ryan,Cox
1295 Locust Street,Tyler,taylor@outlook.com,funnybulb,539-073-2171,Taylor,Simmons
70 Adams Street,Summerfield,k_mitchell@gmail.com,stronghook,504-506-2158,Katherine,Mitchell
9560 Route 6,Colbert,kdphillips@hotmail.com,wanderingbooks,201-510-2613,Kevin,Phillips
75 Spring Street,Washington,o.powell@hotmail.com,briefstart,913-629-3379,Oliver,Powell
11 7th Street East,Winside,patrickjrobinson@outlook.com,steadysweater,252-241-8658,Patrick,Robinson
76659 5th Street,Massena,c.k.long20@ymail.com,painstakingrange,515-156-9650,Christina,Long
653 Jackson Street,Harford,j_gray@live.com,frighteningstory,917-016-6539,Joshua,Gray
8114 Summit Avenue,Chicago,l_wilson88@live.com,somberlanguage,734-823-1261,Layla,Wilson
4711 12th Street,Providence,patrickalee@rocketmail.com,subsequenttendency,731-965-4113,Patrick,Lee
8823 4th Street,Decatur,claire_torres@aol.com,unwrittenparcel,857-404-3061,Claire,Torres
5725 Maple Street,Ariel,e_r_torres37@outlook.com,defiantstar,909-785-7843,Eric,Torres
98 5th Street North,Warren,a_e@live.com,distinctscience,443-448-8305,Anna,James
88 Maple Avenue,Platte City,ahill10@yahoo.com,goofyriddle,620-772-2083,Amelia,Hill
724 Front Street North,Shawnee Mission,v.lewis74@yahoo.com,safemarket,504-974-3402,Victoria,Lewis
846 Court Street,Manly,g.foster@rocketmail.com,bouncysmile,947-914-2343,Gabriel,Foster
644 Union Street,Columbus,m_king@live.com,unwrittentendency,925-622-3936,Mary,King
1549 Essex Court,Mortons Gap,l_hill@live.com,shortfurniture,513-739-2782,Layla,Hill
9393 Washington Avenue,New Castle,kelsey_hayes@live.com,charmingfeeling,539-133-3537,Kelsey,Hayes
52705 Oak Lane,Rome,l.martin83@yahoo.com,nicerailway,781-895-9523,Laura,Martin
27 Surrey Lane,Rushford,d.nelson25@ymail.com,dustyriver,802-589-2337,Dylan,Nelson
90 Berkshire Drive,Afton,anthony_lee@outlook.com,woodennotebook,412-675-4367,Anthony,Patterson
96075 Buckingham Drive,Coal Creek,danielandrewthomas@aol.com,industriousfriend,401-549-6760,Daniel,Thomas
2175 King Street,Maylene,kelsey.morgan@live.com,nondescripttendency,951-285-8063,Kelsey,Morgan
95218 Clark Street,Lockesburg,evelyn_sanchez@hotmail.com,dynamicroof,623-284-8895,Evelyn,Sanchez
723 Surrey Lane,Craryville,htorres@outlook.com,vivaciousverse,507-641-1813,Henry,Torres
8384 George Street,Clearfield,brandon_reed@rocketmail.com,fastearth,630-651-6924,Brandon,Reed
2415 Park Drive,Lapine,awood@gmail.com,rusticexchange,786-483-5492,Allison,Wood
1 Church Road,Hoboken,sara.morgan34@rocketmail.com,squealingexistence,209-443-0628,Sara,Morgan
190 Penn Street,Parlin,kyle_long97@gmail.com,nondescriptshade,717-659-7291,Kyle,Long
78 Essex Court,Amarillo,ogray@aol.com,stupendouswhistle,413-130-9227,Olivia,Gray
698 Virginia Avenue,Rutledge,a.m.miller@outlook.com,matureanimal,502-822-1245,Amelia,Miller
538 Penn Street,Philadelphia,kelsey_butler@rocketmail.com,quietsupport,859-660-0094,Kelsey,Butler
435 Division Street,Moreno Valley,k_m_evans@yahoo.com,yellowhorn,609-541-5834,Kayla,Evans
71 Locust Street,Curtice,c_m_parker@live.com,equalsuit,214-485-4322,Courtney,Parker
18143 Adams Street,Elkton,r_j70@outlook.com,opencushion,283-237-5154,Rebecca,Diaz
78178 Colonial Drive,Milledgeville,lauren_sue_nelson@ymail.com,averagebucket,747-064-4656,Lauren,Nelson
34885 Valley Road,Prospect,hadams@live.com,colossalstart,927-451-6048,Henry,Adams
9256 Prospect Avenue,Lawtons,ryanramirez@live.com,greenfrog,216-602-1011,Ryan,Ramirez
215 Ridge Road,Petrified Forest Natl Pk,s.w.campbell@aol.com,learnedtalk,701-799-2058,Stephen,Campbell
4379 3rd Avenue,Staunton,brian.robinson@aol.com,prettyknowledge,440-813-1936,Brian,Robinson
53 Hamilton Street,Partlow,emilymae@outlook.com,standingice,927-162-9179,Emily,Watson
693 Union Street,Dallas,n.r@live.com,violetsnake,662-929-7074,Natalie,Thompson
1 Williams Street,Hollywood,rjmoore@rocketmail.com,shycook,847-075-4763,Ryan,Moore
83 7th Street East,Loudon,b.n.price46@yahoo.com,knowledgeablecard,706-926-2492,Brittany,Price
361 10th Street,Westfield,alyssa_m_washington@outlook.com,goofypocket,808-847-3693,Alyssa,Washington
58 Hill Street,South Bristol,maria_ruth_ross@hotmail.com,animatedsmile,479-277-9183,Maria,Ross
3368 Water Street,Madden,b.ramirez@gmail.com,seemlythumb,224-872-4903,Brittany,Ramirez
12691 5th Street,Flint,christopher.a@ymail.com,quickknowledge,936-072-3629,Christopher,Howard
7746 Center Street,Baroda,aaron.robert.alexander@hotmail.com,nicepin,313-588-6540,Aaron,Alexander
93 Charles Street,Clinton,tiffany.torres@live.com,highfalutintrip,269-711-2020,Tiffany,Torres
25 Clinton Street,Hot Sulphur Springs,sarah_m_torres@hotmail.com,frightenedstart,563-507-0376,Sarah,Torres
9637 Penn Street,Schaumburg,ameliacox68@outlook.com,shyproperty,484-396-2436,Amelia,Cox
4153 River Street,Dover,j_s_phillips20@outlook.com,uppitytheory,847-948-0333,Jason,Phillips
42443 Clark Street,Dill City,alexisgjames@live.com,frightenedtrain,585-121-7055,Alexis,James
245 Elizabeth Street,Starbuck,sarah.sue.thompson@ymail.com,somberexchange,727-172-7922,Sarah,Thompson
49 Valley Road,Butler,eleanor.green@hotmail.com,woozyshade,337-630-9096,Eleanor,Green
2846 Front Street,Morrisonville,s.phillips@gmail.com,mightynoise,502-552-3529,Sara,Phillips
24543 5th Street North,Kinnear,ryan@gmail.com,gullibletail,272-217-5081,Ryan,Bryant
54281 Warren Street,Mount Vernon,c.wilson@yahoo.com,lackinghoney,346-548-1581,Christopher,Wilson
240 Court Street,Alexis,eric.g@yahoo.com,chivalroussweater,443-819-8058,Eric,Moore
115 Grant Street,Sadorus,ngarcia24@live.com,animatednoise,385-973-2646,Nicholas,Garcia
78741 Oak Lane,Lake Orion,ryan.g.turner@outlook.com,briefocean,480-976-3702,Ryan,Turner
1958 Spruce Street,Bayville,theodore_adams@outlook.com,youthfulduck,551-203-6979,Theodore,Adams
54 Pine Street,Sebastian,a_s_coleman@outlook.com,temporaryslope,859-969-8318,Abigail,Coleman
52476 Park Drive,Amma,taylor.cooper@ymail.com,equableaccount,725-386-7780,Taylor,Cooper
9210 Beech Street,Freeburg,e_rodriguez@ymail.com,tallsmile,309-753-7903,Elizabeth,Rodriguez
369 4th Street,Grand Rapids,brittany_stewart@rocketmail.com,publicsilk,515-848-5525,Brittany,Stewart
59 Magnolia Drive,Fedora,a.james93@ymail.com,sneakycontrol,571-784-0848,Amber,James
32772 Colonial Drive,Layton,theodorealan@aol.com,typicalmoney,940-126-0229,Theodore,Morris
424 Route 10,Avilla,s.henderson@rocketmail.com,sneakyrainstorm,240-282-9144,Sebastian,Henderson
447 Williams Street,Bulverde,k_r_richardson@hotmail.com,funnydebt,774-171-5237,Kaitlyn,Richardson
42714 3rd Street,Gardnerville,t_rivera@yahoo.com,lackingsnow,443-267-8900,Tyler,Rivera
63 Charles Street,Saint Johns,o_a@outlook.com,prettythunder,607-328-7652,Owen,Price
89864 Front Street,Meriden,julian.robert.powell@hotmail.com,stickyflame,253-224-0490,Julian,Powell
23 High Street,Bloomingrose,ttperez2@aol.com,firstrailway,805-422-5014,Timothy,Perez
1725 Pearl Street,Williston,b_r_barnes@outlook.com,festiveairplane,909-966-4700,Brandon,Barnes
269 King Street,Smyrna,christopher_joseph_brown@live.com,complexcat,608-077-9189,Christopher,Brown
52 College Avenue,Parker,taylorllee@rocketmail.com,squealingwren,679-662-3059,Taylor,Lee
239 Lincoln Avenue,Cottontown,richard_ray_bailey@ymail.com,dynamicmitten,440-319-0932,Richard,Bailey
36184 Circle Drive,Wilmington,meganpatterson@hotmail.com,dynamicbulb,980-099-6185,Megan,Patterson
1547 2nd Street,Montague,s.taylor83@yahoo.com,earthydesk,508-198-9136,Samantha,Taylor
22 Route 10,Malinta,z_m_davis@ymail.com,mistyanimal,412-125-0065,Zachary,Davis
17 6th Avenue,Old Town,r_bennett@ymail.com,marvelousmemory,979-564-3658,Rebecca,Bennett
52 South Street,Big Lake,a_rodriguez@rocketmail.com,usedverse,505-999-9178,Ashley,Rodriguez
6717 East Street,Derrick City,s_coleman66@ymail.com,delicatecontrol,334-820-9622,Stephanie,Coleman
4243 Jackson Street,Saint Petersburg,lillianlcampbell@outlook.com,typicalgovernor,989-204-6578,Lillian,Campbell
2245 Main Street,Almo,joshua90@gmail.com,absorbedice,765-041-7559,Joshua,Diaz
99546 Prospect Avenue,Manitowoc,michaelwilliamparker@aol.com,typicalflame,760-954-5887,Michael,Parker
645 King Street,Victoria,amanda_robinson@live.com,distinctparcel,669-344-6065,Amanda,Robinson
260 River Street,Huntsville,zw@outlook.com,dynamicbooks,220-258-5705,Zachary,Simmons
24 2nd Avenue,Carson City,kyle_anthony_lewis@aol.com,complexbehavior,781-590-4034,Kyle,Lewis
1988 4th Avenue,Donnelly,jonathan_h@live.com,wickedlanguage,775-446-5316,Jonathan,Phillips
344 Buckingham Drive,Cache Junction,w_turner@rocketmail.com,delicatejewel,975-708-5385,William,Turner
2072 Park Street,Piercefield,c.scott@outlook.com,wickedkey,608-295-4962,Christopher,Scott
78 Shady Lane,Reno,smbryant@ymail.com,colossalscarf,813-181-8064,Sophia,Bryant
16886 Shady Lane,Chauvin,e_m_henderson@gmail.com,upsetnote,754-368-3589,Eleanor,Henderson
69886 Pennsylvania Avenue,Kempster,charles_richardson@live.com,quickbit,743-291-3456,Charles,Richardson
974 Winding Way,Hamel,victoria_gonzales@ymail.com,bewilderedliquid,218-565-2960,Victoria,Gonzales
78 Spruce Street,Fairfield,jasmine.a.stewart@yahoo.com,equablefurniture,901-708-3377,Jasmine,Stewart
6819 Summit Avenue,Holman,rachel@aol.com,mysteriousproperty,843-196-7722,Rachel,Bell
8764 Belmont Avenue,Fleischmanns,trgriffin25@yahoo.com,naturaltrain,916-190-8189,Timothy,Griffin
78725 Clark Street,San Jacinto,h.alexander@outlook.com,chemicalharbor,513-864-7674,Heather,Alexander
652 Fairview Avenue,Norman,anthony_wayne_morris@outlook.com,enormousexistence,801-294-5815,Anthony,Morris
248 Valley Road,Duvall,kylewatson@aol.com,entertainingdebt,713-034-5814,Kyle,Watson
83 Williams Street,David City,timothy_gonzales@aol.com,stickyelbow,557-996-8940,Timothy,Gonzales
22685 Prospect Avenue,Cleveland,alyssatorres@aol.com,dustytheory,323-146-5124,Alyssa,Torres
2825 Dogwood Lane,Underhill,smbrown@aol.com,stupendousmouth,636-385-2438,Sebastian,Brown
109 Hillside Drive,Falls City,r.m@yahoo.com,greenspring,727-164-1244,Rachel,Wood
546 7th Street East,Keeseville,melissa_bailey26@outlook.com,subsequentpocket,872-166-4718,Melissa,Bailey
7805 Maple Street,Fitzhugh,a.l.morgan@ymail.com,roastedrailway,901-022-8374,Amanda,Morgan
8959 Oak Lane,Benzonia,n.r.james@aol.com,dynamicghost,865-978-3464,Nicole,James
70428 Court Street,Wilmington,a.a71@gmail.com,funnyjar,501-506-3187,Alyssa,Gonzales
193 Hillside Avenue,Angola,nicole_jones@ymail.com,tritespring,870-067-6169,Nicole,Jones
633 Berkshire Drive,Mobile,k_l_martinez@live.com,defiantyam,620-108-6288,Kaitlyn,Martinez
681 Belmont Avenue,Lake Como,jperez@gmail.com,maturetendency,743-280-3233,Jennifer,Perez
45337 Division Street,Carolina,timothyjmitchell@yahoo.com,knowledgeablejar,620-396-3966,Timothy,Mitchell
62892 Winding Way,Mill Shoals,jonathanwilson@aol.com,calculatingdrop,857-273-1502,Jonathan,Wilson
95176 Hamilton Street,Jack,s_m_evans@rocketmail.com,miniaturecrate,740-966-2255,Sean,Evans
76 Jefferson Avenue,El Paso,oliver_bailey94@rocketmail.com,medicalspace,774-536-8177,Oliver,Bailey
50 Wood Street,Brawley,sofia_carter@live.com,pumpedjeans,423-523-3195,Sofia,Carter
63979 Route 1,Buttzville,laurenyoung@rocketmail.com,upsetmoney,805-705-2743,Lauren,Young
53943 Mill Street,Mooresville,amanda_renee_wilson76@yahoo.com,temporarymouth,475-939-3207,Amanda,Wilson
6797 Main Street West,Milton,gdtaylor87@live.com,firsttomatoes,816-254-0703,Grace,Taylor
406 North Street,Whitewright,j_w@gmail.com,animatedkey,256-610-2284,John,Wilson
6800 Hamilton Street,Warren,ja40@live.com,simplesteam,860-047-8047,Justin,Rogers
85 Jefferson Avenue,Water View,nicolemargaretfoster3@live.com,coherentorder,606-744-1267,Nicole,Foster
708 8th Street,Cadiz,gabriel_w_martin@yahoo.com,publicscarf,276-527-9170,Gabriel,Martin
1897 Hamilton Street,Gorham,ava.wilson@rocketmail.com,quietdegree,956-326-3944,Ava,Wilson
70835 Ridge Road,Milwaukee,mark_ward53@aol.com,interestingbehavior,706-391-1858,Mark,Ward
3704 Railroad Avenue,Crows Landing,o.baker68@aol.com,elastichook,443-470-9598,Olivia,Baker
6515 Circle Drive,Cobleskill,awpatterson58@rocketmail.com,delicaterecess,435-754-1486,Andrew,Patterson
247 Route 32,New York,mark@yahoo.com,distinctriver,806-760-2701,Mark,Ramirez
8580 Meadow Lane,Kennesaw,hareed@aol.com,learnedcamera,307-361-4836,Henry,Reed
71 George Street,Leslie,austin_scott_nelson@yahoo.com,simplisticearth,406-860-6593,Austin,Nelson
9635 Fairview Avenue,Wilmington,cthompson@outlook.com,opendrop,858-895-8374,Courtney,Thompson
3102 Elizabeth Street,Shawnee Mission,r_jenkins12@live.com,maddeningpin,617-418-2759,Richard,Jenkins
433 7th Street East,Albany,r.a.bell27@outlook.com,puzzlingsmile,679-932-1474,Robert,Bell
89478 Madison Street,Union Center,pcox@hotmail.com,fiercebulb,816-120-0053,Patrick,Cox
4649 4th Street North,Long Beach,j_m_jenkins@outlook.com,mightyposition,669-556-2481,Jose,Jenkins
71089 Laurel Street,Lansing,ambermurphy@ymail.com,goofywren,919-702-2469,Amber,Murphy
5 Maple Street,Phoenix,a_m_smith57@hotmail.com,chiefdrop,386-341-9965,Alexandra,Smith
37 Summit Avenue,Santee,kayla67@hotmail.com,woozyboot,339-840-2447,Kayla,Moore
3887 Woodland Avenue,Prather,julian.allen70@ymail.com,plainangle,706-336-9909,Julian,Rivera
4602 6th Avenue,Winter Haven,na@gmail.com,prettyghost,208-132-9476,Nicholas,Walker
24079 Jackson Street,Grimms Landing,j.watson@rocketmail.com,hungryangle,929-452-9327,Jonathan,Watson
52 Court Street,Saint Louis,john.joseph.harris61@gmail.com,fastriddle,323-983-1940,John,Harris
17 7th Street,Glenrock,mark.williams@outlook.com,jazzymachine,973-814-4245,Mark,Williams
17 Summit Avenue,Aliquippa,c_r_henderson@hotmail.com,lackingtaste,212-972-2945,Charlotte,Henderson
76548 Railroad Avenue,Walworth,r_n80@aol.com,hungrybucket,978-343-2215,Rebecca,Clark
56898 3rd Street,Houston,s.flores@aol.com,industriouscook,636-793-4230,Stephen,Flores
46745 Penn Street,Calmar,amelia.r.rodriguez30@ymail.com,gulliblelanguage,323-758-7271,Amelia,Rodriguez
4 Prospect Street,Chaplin,joseph95@rocketmail.com,woodenmachine,914-203-5899,Joseph,Adams
2595 10th Street,Indio,julian_g_smith10@rocketmail.com,delicatecontrol,813-002-3125,Julian,Smith
7502 Valley Road,Roanoke,mateoalanadams@rocketmail.com,voraciousticket,657-970-2476,Mateo,Adams
89400 Fairview Avenue,Bloomfield,james.anthony.adams74@live.com,dampdegree,516-689-4395,James,Adams
43425 Franklin Avenue,Grant,jonathan.e.rodriguez@aol.com,rambunctiousfeeling,757-499-8325,Jonathan,Rodriguez
7864 Laurel Lane,Huntington Beach,t.w.sanders@aol.com,absentfurniture,260-996-3458,Theodore,Sanders
53 9th Street,Wichita,kfmoore@gmail.com,safeocean,617-836-2539,Kelsey,Moore
51 Berkshire Drive,San Jose,brianna.mitchell@rocketmail.com,enormousocean,330-760-5482,Brianna,Mitchell
806 Primrose Lane,Chicago,sofia@yahoo.com,clutteredtail,904-877-4735,Sofia,Murphy
31968 Mill Road,Newton,r_g_white@ymail.com,highfalutinletter,339-974-5410,Robert,White
635 2nd Avenue,Hamburg,c_s_young@yahoo.com,nimblerock,804-886-9396,Christopher,Young
33 Jackson Street,Grambling,vbaker@rocketmail.com,overtliquid,636-737-1839,Victoria,Baker
7972 Hill Street,Crested Butte,w.a.collins@live.com,tritejeans,906-769-6970,William,Collins
7548 Park Drive,Union,a.carter@gmail.com,marvelousbehavior,520-016-2357,Alexandra,Carter
21112 Hillcrest Drive,Moorland,z_h_hall39@rocketmail.com,spikybit,205-618-6927,Zachary,Hall
21 Jackson Street,Mertztown,s.a@ymail.com,mysteriousplate,602-278-2936,Sara,Roberts
89 3rd Street,Melbourne,lillian.parker66@yahoo.com,firstbelieve,959-260-7381,Lillian,Parker
44 Myrtle Avenue,Rockfield,jh60@rocketmail.com,betterbadge,212-160-0606,Jason,Thompson
9869 Meadow Lane,Gulfport,mprice92@gmail.com,jazzysilk,651-420-2773,Michelle,Price
87 Buckingham Drive,Necedah,gracehayes@yahoo.com,woodenbooks,650-913-2199,Grace,Hayes
10935 College Avenue,Cropsey,arodriguez@outlook.com,poisedmarket,574-807-3859,Abigail,Rodriguez
848 Jefferson Street,Princeton,c.j@hotmail.com,spikysign,929-295-3840,Claire,Russell
4075 3rd Street West,Datto,sm@gmail.com,lackingmachine,719-695-9175,Sarah,Ward
68 Railroad Avenue,Hackensack,a_anderson@yahoo.com,charmingcat,828-103-9256,Alyssa,Anderson
2438 West Street,Henderson,a_anderson@rocketmail.com,fainttalk,347-691-0596,Adam,Anderson
4092 Jefferson Avenue,Dover,eabennett@ymail.com,jazzysound,689-834-9087,Emily,Bennett
301 Hillside Avenue,Adamstown,s_walker@hotmail.com,festivevessel,316-015-6024,Sean,Walker
8 Oak Lane,Camden,j.a.diaz@ymail.com,poisedkey,209-851-7788,Joseph,Diaz
34 Route 1,Newark,michaeljcampbell61@live.com,overtcat,975-298-6249,Michael,Campbell
36723 River Street,Capitol Heights,aubrey.m.moore@aol.com,quicksnow,651-457-6605,Aubrey,Moore
584 James Street,Orlando,e_l_campbell@ymail.com,productiveforce,507-643-2875,Emma,Campbell
92 Spring Street,Dwight,jessica.g.wright@gmail.com,bouncybit,707-194-4342,Jessica,Wright
59 Bridge Street,Gillett,c.s.green@live.com,dampgovernor,682-884-8031,Christopher,Green
62645 East Street,Elkhart,s_wood@yahoo.com,powerfulkey,417-811-5926,Sara,Wood
4809 Maple Avenue,Starkville,blyoung@live.com,strongboot,283-282-4863,Brianna,Young
2 Wood Street,Llano,victoria.jane@live.com,jazzyice,302-589-8441,Victoria,James
4758 Hillside Avenue,Columbia,j_evans@live.com,subsequentchicken,231-382-3321,Joshua,Evans
18466 Heather Lane,Powellville,haley.lynn.thompson67@aol.com,kindlywind,254-624-6102,Haley,Thompson
8369 Division Street,Manchester,a_cooper52@gmail.com,wistfulhope,614-598-0127,Alexander,Cooper
60903 Valley Road,Blytheville,julian.harris@outlook.com,usedticket,517-910-5039,Julian,Harris
1812 Spruce Street,Glen Arbor,s_anderson@aol.com,wickedpocket,903-598-2270,Sophia,Anderson
79 Clinton Street,Harrisburg,r.l.peterson33@rocketmail.com,woozydesk,973-801-0533,Richard,Peterson
76931 Walnut Avenue,Modoc,bngarcia@ymail.com,receptivesmile,517-332-1551,Brianna,Garcia
84003 Broadway,Campbell,a_martin@live.com,cooperativerecess,302-355-4383,Aiden,Martin
73724 Franklin Avenue,Highland Park,katherineturner@outlook.com,subsequentdebt,763-360-0323,Katherine,Turner
47 Park Street,Savage,isaac@aol.com,yellowshade,319-250-1896,Isaac,Mitchell
597 12th Street,Sedalia,grace@ymail.com,roastedvoice,380-404-6329,Grace,Ross
309 Center Street,Ridge Spring,saralong58@yahoo.com,coherentverse,202-888-0572,Sara,Long
62739 Winding Way,Kirkland,s_lee@gmail.com,mellowexistence,956-292-2737,Sean,Lee
167 5th Street,Avon Park,andrewthomas@ymail.com,fiercestart,509-309-9807,Andrew,Foster
5129 Grant Street,Dedham,isaacmorris93@yahoo.com,cooperativebear,835-728-6073,Isaac,Morris
46487 Jefferson Street,Williamstown,emma@live.com,wrybucket,562-460-3581,Emma,Long
67618 Court Street,Austin,ocook@live.com,crazysnow,804-997-4226,Olivia,Cook
7 Hill Street,Grand Rapids,edperez17@ymail.com,handsomeshake,516-390-0163,Elizabeth,Perez
2443 Park Drive,San Jose,emma@rocketmail.com,fierceriver,484-545-3196,Emma,Edwards
120 Laurel Lane,Royal Oak,aubreyann@outlook.com,rusticburst,417-037-0272,Aubrey,Jones
4549 2nd Avenue,Great Lakes,ethan_collins@yahoo.com,wanderingbehavior,570-298-9554,Ethan,Collins
678 4th Avenue,Vincennes,vmhall77@aol.com,uppitybadge,214-327-9658,Victoria,Hall
89 King Street,Gainesboro,iflores@gmail.com,defiantnote,352-560-6115,Isaac,Flores
61 Cherry Street,Dover,benjaminwilliams@rocketmail.com,averagesilk,256-988-5980,Benjamin,Williams
3037 13th Street,Hanalei,ashley_jackson23@ymail.com,cleankey,484-281-1863,Ashley,Jackson
63330 Hillside Drive,Rockwood,nicholas@rocketmail.com,roastedstart,832-126-0822,Nicholas,Rodriguez
187 Poplar Street,Broad Run,a_m_walker@hotmail.com,wickedvoice,224-976-5820,Ava,Walker
95 School Street,Allentown,joshua.brooks@outlook.com,kindlyrange,679-945-1601,Joshua,Brooks
514 Clinton Street,Chaptico,henrythomas@rocketmail.com,miniaturestem,269-895-7349,Henry,Thomas
53 Summit Street,Woodville,steven_t_hall@live.com,funnyposition,762-613-0102,Steven,Hall
41458 Myrtle Avenue,Carterville,r_d_allen@hotmail.com,learnedtaste,952-387-2077,Ryan,Allen
205 Poplar Street,Dayton,nicholasgarcia@rocketmail.com,dynamichose,802-292-2008,Nicholas,Garcia
262 Hillside Avenue,Bronx,jason.george@gmail.com,marvelousstem,530-840-1219,Jason,Roberts
2313 River Street,Chinle,i.r.clark81@aol.com,marvelousthunder,772-715-1373,Isaac,Clark
2823 5th Street West,Albuquerque,a_w_howard@outlook.com,greenvoyage,228-038-6370,Aaron,Howard
49125 2nd Avenue,Lesterville,v_campbell@hotmail.com,subsequentsnow,718-736-5463,Victoria,Campbell
5459 5th Street West,Thornton,s_mitchell@outlook.com,puzzlingrange,678-515-7518,Sebastian,Mitchell
11 6th Street West,Evansville,a_j_lewis@live.com,earthygate,952-578-8454,Allison,Lewis
41 River Street,Princeton,ammurphy@ymail.com,efficientlamp,828-929-3000,Ava,Murphy
82 Sherwood Drive,Eugene,michael.bailey@yahoo.com,kindheartedfriend,631-015-1294,Michael,Bailey
5766 7th Street,Washington,emily.k.russell57@outlook.com,equabletheory,380-677-2641,Emily,Russell
786 Broadway,Brooklyn,k_perez@ymail.com,miniatureghost,702-719-2400,Kaitlyn,Perez
89 Mill Street,Buckley,austinjamesphillips30@outlook.com,scientificliquid,681-041-7469,Austin,Phillips
8628 12th Street,Odessa,s_flores@rocketmail.com,upsetwind,562-755-0747,Steven,Flores
997 South Street,Washington,b_ward93@rocketmail.com,delicateshelf,321-748-0373,Brianna,Ward
43 Main Street,Canyon Country,amelia.bennett@live.com,efficientquilt,361-336-0869,Amelia,Bennett
412 Monroe Street,Murfreesboro,mariamcooper@rocketmail.com,quickmachine,408-883-6458,Maria,Cooper
68668 Jefferson Street,West Newbury,jatorres@rocketmail.com,zestyspace,628-214-5738,Jason,Torres
1623 Primrose Lane,Medical Lake,maria@yahoo.com,kindlytaste,817-364-4047,Maria,Griffin
945 Lafayette Avenue,Burgin,k_cook@aol.com,animatedverse,253-263-7887,Kimberly,Cook
3734 Franklin Avenue,Leckie,haley98@aol.com,steadyliquid,503-032-8234,Haley,Harris
46 Route 6,East Carondelet,js15@ymail.com,safeairplane,947-584-9647,Jennifer,White
3889 Beech Street,Tipton,taylorsuepowell@live.com,seemlycrate,872-820-0506,Taylor,Powell
12650 5th Street North,Philadelphia,j_f@live.com,simpleliquid,320-188-6879,Jonathan,Anderson
17 7th Street,Athens,julian.price@hotmail.com,maddeningknowledge,769-397-1988,Julian,Price
77 Fairview Avenue,New Haven,joshuajosephturner@yahoo.com,delicatecherry,220-393-9594,Joshua,Turner
74 Berkshire Drive,Bethelridge,weharris@outlook.com,festiveduck,314-225-8186,William,Harris
426 Front Street,Oscar,jperez2@gmail.com,greenquilt,740-992-4952,John,Perez
388 8th Street,Athens,andrew.j@aol.com,dynamictalk,660-201-3498,Andrew,Roberts
52 12th Street,Stanleytown,joshuathompson@live.com,wistfulbooks,413-790-3063,Joshua,Thompson
7203 Brookside Drive,Havana,a.g.sanders@gmail.com,wiseghost,562-291-7695,Alexis,Sanders
874 Walnut Avenue,Belle Plaine,amber_m_green@live.com,outgoingriddle,314-293-9777,Amber,Green
197 Surrey Lane,Munising,mark_t_carter@ymail.com,funnyarm,201-440-8588,Mark,Carter
3463 Elm Avenue,San Jose,oliver.parker@gmail.com,plainposition,602-079-1061,Oliver,Parker
3559 Linden Street,Minburn,elizabeth_roberts@aol.com,zestythumb,863-416-4625,Elizabeth,Roberts
84123 Elizabeth Street,Harrold,jennifer.m.gonzales@live.com,puzzlingwhistle,432-701-3174,Jennifer,Gonzales
42164 Church Street,Georgetown,j.lopez@outlook.com,magentariver,512-178-8468,Jonathan,Lopez
15143 Water Street,East Greenwich,z_a_carter10@ymail.com,nimbleriver,308-561-1107,Zachary,Carter
7784 Creek Road,Acton,isabellalewis@hotmail.com,adorableaccount,443-047-2350,Isabella,Lewis
45218 Cedar Street,San Miguel,amber.murphy@gmail.com,stupendousfeeling,281-303-3544,Amber,Murphy
8706 Ridge Avenue,Ida,h.parker@hotmail.com,chemicalmachine,906-576-6284,Henry,Parker
4122 Laurel Street,New York,a_howard97@outlook.com,chemicalbooks,954-967-7687,Adam,Howard
216 Fairway Drive,Belton,william_sanders@gmail.com,averagebridge,574-403-5248,William,Sanders
325 Laurel Lane,Newark,c.l98@yahoo.com,dustystart,336-294-0989,Christina,Smith
64151 Fairway Drive,Scobey,dnwhite@outlook.com,quickhammer,912-248-1526,Danielle,White
34492 Spruce Street,Mathiston,rachelhall@hotmail.com,nimblewhistle,480-965-4707,Rachel,Hall
5989 Spruce Street,Auburn,r_e_perez@yahoo.com,zestystart,520-563-6363,Rachel,Perez
930 James Street,Aurora,aiden_c_morgan@rocketmail.com,squealingcat,332-602-5457,Aiden,Morgan
20 Hillside Avenue,French Gulch,j.l@live.com,knowledgeablesupport,269-202-7842,Jennifer,James
922 Buckingham Drive,Roscoe,lilliangray28@gmail.com,pumpedlanguage,404-395-2894,Lillian,Gray
15418 School Street,Tuscaloosa,asmith@live.com,usedslope,765-488-3006,Ava,Smith
3801 2nd Street East,Lafayette,m.c.carter@ymail.com,poisedcreature,417-746-0378,Mark,Carter
23 3rd Street,Claremont,t_j_johnson@live.com,dappersoup,679-482-3723,Timothy,Johnson
93823 Berkshire Drive,Forest Falls,sdavis@rocketmail.com,firstbear,719-509-3990,Sebastian,Davis
6822 Cambridge Drive,Mineral Point,j_gonzales@outlook.com,rambunctiousangle,585-915-9677,Julian,Gonzales
5 Franklin Avenue,Nilwood,nathanhenrymitchell@outlook.com,complexhope,916-416-1330,Nathan,Mitchell
73 3rd Street,Lueders,l_hill97@yahoo.com,equablespring,857-785-7938,Lauren,Hill
885 Oak Lane,Wilkesville,stephen_m_miller@yahoo.com,gullibleplate,920-293-5216,Stephen,Miller
241 3rd Street West,Pharr,j.roberts29@hotmail.com,iratebooks,907-312-6797,Jeremy,Roberts
9889 5th Street North,Gaithersburg,a.c29@yahoo.com,chivalrousfurniture,713-504-9709,Austin,Green
1312 Lincoln Avenue,Rome,tiffany_l_clark@yahoo.com,maturesuit,850-441-3033,Tiffany,Clark
87254 Route 10,Minden,ava_lopez@hotmail.com,firstair,940-364-8687,Ava,Lopez
8176 Dogwood Lane,Milo,owen.evans30@outlook.com,jumbledcable,678-767-3892,Owen,Evans
55 11th Street,El Paso,p_d@live.com,tallfurniture,539-683-4528,Patrick,Hughes
3813 Adams Street,Green Bay,aidengriffin@yahoo.com,jazzyliquid,860-492-3342,Aiden,Griffin
16233 Durham Road,Baker City,lrperry@hotmail.com,uppityfrog,832-746-9482,Lauren,Perry
992 Primrose Lane,Bellwood,s_lee@yahoo.com,frightenedocean,385-379-6506,Steven,Lee
6683 Washington Avenue,Melbourne,emma_i_robinson@live.com,stormyparcel,817-264-6806,Emma,Robinson
763 Sherwood Drive,Santa Clarita,grace@aol.com,chemicalanimal,317-032-5023,Grace,Phillips
97 Lincoln Avenue,Sunset,r.thompson@live.com,sneakycamera,985-436-8323,Rachel,Thompson
41508 4th Street,Allegany,lmhoward@gmail.com,harshstart,442-336-8306,Laura,Howard
6 8th Street,Ronan,rwashington@outlook.com,jollysilk,901-156-6116,Robert,Washington
27 Creek Road,Stanberry,robert61@ymail.com,wryspring,859-697-7182,Robert,Perez
692 Broadway,Birchdale,evelyn_michelle_anderson@rocketmail.com,zippyproperty,217-844-2161,Evelyn,Anderson
63475 Colonial Drive,Lubec,alexander_a_james@yahoo.com,befittingbit,331-545-5525,Alexander,James
88254 Cambridge Court,Spring Valley,n.butler@hotmail.com,eliteswim,978-215-3184,Nicholas,Butler
35 Summit Street,Fort Wayne,sarahmartinez@aol.com,naturalcrate,712-488-8629,Sarah,Martinez
2355 Vine Street,Orlando,s_a@hotmail.com,goofyexchange,302-276-0303,Sean,Walker
6159 Hamilton Street,Wilkes Barre,rebecca.collins75@live.com,highfalutinscarf,614-705-3877,Rebecca,Collins
1877 Chestnut Street,Toledo,eric.r.hayes57@hotmail.com,woodenmemory,718-740-1444,Eric,Hayes
254 Green Street,Auxvasse,zachary_c_jackson80@live.com,medicalmachine,380-108-6540,Zachary,Jackson
92533 Washington Avenue,Palatine,hmreed@yahoo.com,industrioussound,575-984-5202,Haley,Reed
2991 Highland Drive,Cheyney,nrtorres@live.com,vivacioussnake,947-753-7516,Nathan,Torres
64 Dogwood Lane,Mobile,jasmine.m.baker@ymail.com,clutteredrange,641-557-9920,Jasmine,Baker
39279 13th Street,New Albany,elizabeth_hughes@rocketmail.com,yellowsnake,351-960-0071,Elizabeth,Hughes
97524 3rd Street,Castaic,n.m@aol.com,learnedhorn,908-647-7852,Natalie,Evans
945 Winding Way,Paradox,william_ray_roberts@aol.com,powerfulnote,337-383-0255,William,Roberts
34649 8th Street,Whitefield,a.brooks@hotmail.com,safefeeling,262-571-9562,Amber,Brooks
68 Route 1,Ceiba,s.f.washington@live.com,somberwheel,769-016-7626,Sofia,Washington
11956 Fairview Avenue,Ludlow,j.t.ross@outlook.com,clutteredriddle,272-145-0890,Julian,Ross
5686 George Street,Stevensville,taylor_cook@aol.com,vivaciousarm,603-902-4665,Taylor,Cook
81 East Street,Fortuna,gabrielrsimmons@ymail.com,elasticair,540-883-6442,Gabriel,Simmons
63 Hillside Drive,Troy Grove,brianna_irene27@live.com,hungryboot,954-985-7819,Brianna,Stewart
19 Park Drive,Portland,michael.jenkins@yahoo.com,quickcushion,980-183-5093,Michael,Jenkins
92358 Cambridge Drive,Dallas,brittanyramirez@ymail.com,calculatingexistence,770-482-7372,Brittany,Ramirez
86733 Meadow Lane,Evansville,cimorgan41@outlook.com,stupendousrange,650-713-2855,Courtney,Morgan
46 Park Drive,Hinckley,kfrichardson@outlook.com,befittingexchange,586-102-3699,Kaitlyn,Richardson
97224 Hillside Avenue,Wilsons,gracesueross@aol.com,miniaturerock,248-653-7864,Grace,Ross
6343 River Road,West Long Branch,n_long@ymail.com,marvelousrange,223-095-1365,Natalie,Long
5526 High Street,Selden,stephanie.phillips@hotmail.com,sneakystem,801-859-6443,Stephanie,Phillips
36904 5th Street West,Sylvester,a_bell32@ymail.com,colossalscarf,805-033-2513,Adam,Bell
84 Prospect Street,Payson,a_jenkins@rocketmail.com,learnedface,773-427-0398,Aiden,Jenkins
726 New Street,Solon,cathompson@hotmail.com,simpledegree,716-200-0950,Chelsea,Thompson
21495 5th Avenue,Southern Pines,brittany.r.diaz@ymail.com,jazzyhook,580-183-0511,Brittany,Diaz
5852 Harrison Street,Searcy,krussell@rocketmail.com,damagingtrain,276-023-4138,Kimberly,Russell
87047 Elm Street,Montgomery,a_j_martin@outlook.com,pumpedanimal,419-782-2959,Amelia,Martin
65660 Mulberry Street,Detroit,b.j.perry@gmail.com,nondescriptgate,512-193-8436,Brianna,Perry
55336 Elm Street,Bryant,a.s.martin18@aol.com,adorabletooth,914-461-6600,Anthony,Martin
77 1st Avenue,Bloomingdale,kimberly.m.brown@hotmail.com,mellowanimal,786-027-7938,Kimberly,Brown
439 Pine Street,Rochester,jonathan76@ymail.com,subsequentwind,870-873-6704,Jonathan,Johnson
7607 8th Street,Alexandria,ajackson16@live.com,absentbehavior,725-489-7396,Anthony,Jackson
9194 River Road,Selma,rcollins13@outlook.com,naturalmarket,835-277-8522,Richard,Collins
5297 Clark Street,Oakdale,d_i_walker@outlook.com,harshwren,513-773-5209,Danielle,Walker
3708 Washington Avenue,South Kingstown,graceakelly@outlook.com,bashfulhorn,612-463-0930,Grace,Kelly
325 Church Road,Stockton,l.lewis@ymail.com,sneakythunder,912-000-0432,Laura,Lewis
765 Broad Street,Violet,t_nelson@outlook.com,certainaccount,667-213-1383,Thomas,Nelson
30592 Beech Street,Springdale,a_r_collins36@live.com,chemicalriver,925-707-1867,Alexander,Collins
85 Dogwood Lane,Brooklyn,oliviadawnbailey@ymail.com,adorabletomatoes,573-046-9963,Olivia,Bailey
3885 Summit Street,Columbia,mwright@aol.com,frighteningknowledge,571-733-0936,Melissa,Wright
65 Main Street North,Fairfield,k.brown@hotmail.com,entertainingbulb,414-426-4982,Kaitlyn,Brown
66 Hillcrest Drive,Cayuse,courtney.rivera@outlook.com,nondescriptmitten,479-052-0206,Courtney,Rivera
9268 Route 32,Nicolaus,jasmine_i_edwards@ymail.com,incandescentnose,718-350-4825,Jasmine,Edwards
47845 Grant Street,Taylorville,j.c.garcia@hotmail.com,medicalair,870-946-4094,Joseph,Garcia
59 Railroad Avenue,Long Island City,eleanorsue@hotmail.com,productivedebt,352-977-8689,Eleanor,White
404 Colonial Drive,Center Harbor,sofiacook@hotmail.com,violetrecess,464-402-0892,Sofia,Cook
849 College Street,Fredonia,steven.joseph.green@outlook.com,wickedcushion,412-671-8150,Steven,Green
41576 Hamilton Street,Angus,jonathan@hotmail.com,puzzlingsign,321-273-8901,Jonathan,Patterson
706 Holly Drive,West Edmeston,johnedwardflores@hotmail.com,adorablemoney,251-130-2761,John,Flores
82883 Water Street,Alvaton,k.powell@hotmail.com,nondescriptsnake,984-109-0869,Kyle,Powell
699 2nd Avenue,Lexington,mateosbennett@gmail.com,magentavoice,475-898-4571,Mateo,Bennett
6969 Highland Avenue,Chestnutridge,s_garcia47@aol.com,quickplate,480-826-3485,Sebastian,Garcia
5893 Cherry Street,Hutchinson,jack.martin@rocketmail.com,absentairplane,312-191-3622,Jack,Martin
113 Lincoln Street,Deersville,caanderson51@live.com,greenverse,713-704-2554,Christina,Anderson
95 Harrison Street,Lake Clear,trrussell@hotmail.com,richsnake,251-822-9379,Timothy,Russell
7435 Union Street,Show Low,n.r.richardson42@rocketmail.com,dullfurniture,440-169-7524,Nicole,Richardson
72 Mill Road,Buncombe,julian_williams@hotmail.com,niceshelf,318-522-6790,Julian,Williams
28875 Clinton Street,Chico,jonathanaparker@aol.com,highfalutintrain,224-626-0006,Jonathan,Parker
23001 Harrison Street,Fullerton,anna.r.bailey@hotmail.com,rusticthumb,973-347-6473,Anna,Bailey
8636 Woodland Drive,New Orleans,a.l.hughes@hotmail.com,stupendoustray,330-638-8005,Amelia,Hughes
963 Church Street,Vail,hthomas@ymail.com,bashfulyam,223-955-7566,Heather,Thomas
486 Summit Street,Alamosa,alexandra_lee@yahoo.com,shytalk,628-944-4872,Alexandra,Lee
3 Virginia Avenue,Carson City,j.robinson@hotmail.com,openpocket,573-791-8699,Joseph,Robinson
46 Spruce Street,Honey Grove,matthew.a.clark@live.com,rambunctiousspring,804-692-5439,Matthew,Clark
77 8th Street,Shrewsbury,a_torres@rocketmail.com,kindheartedair,404-636-9977,Alexander,Torres
92932 Valley Road,Plymouth,williamlopez@ymail.com,frighteningverse,507-948-4009,William,Lopez
94 Buckingham Drive,Taylor,d_collins@outlook.com,dynamicbehavior,718-042-2960,Dylan,Collins
96 Walnut Avenue,Bartlett,w.perez@live.com,elitecorn,240-411-7539,William,Perez
3591 Elm Street,Morrilton,nataliemayreed@live.com,flashyair,858-012-4267,Natalie,Reed
343 7th Avenue,Fort Lauderdale,m_murphy@hotmail.com,fiercebelieve,975-247-1560,Michelle,Murphy
8762 Highland Avenue,Memphis,s.hayes@gmail.com,fierceair,971-647-8745,Samantha,Hayes
953 Lakeview Drive,Lattimer Mines,e_jackson@hotmail.com,interestingrock,989-498-1320,Ethan,Jackson
35201 Green Street,Littlerock,rbutler@hotmail.com,woodentaste,501-924-5483,Rebecca,Butler
1 Division Street,Browning,t_a_green89@rocketmail.com,steadyorder,667-775-9254,Timothy,Green
46756 South Street,Pleasantville,sofia.price@rocketmail.com,somberplate,318-218-4986,Sofia,Price
3968 Winding Way,Napa,e_n_ross@yahoo.com,magentaexchange,562-393-8522,Elizabeth,Ross
797 1st Avenue,Dallas,jmclark@yahoo.com,medicalpocket,406-700-4502,Joshua,Clark
674 Front Street North,Kansas City,mtgarcia@gmail.com,cooperativeslope,585-657-5031,Mark,Garcia
